scenario,parameter,multiplier
QCN7D,log_QNC_Emax,0.92424158056069
QCN7D,log_QNC_Emax,0.962208776377051
QCN7D,log_QNC_Emax,0.962208776377051
QCN7D,log_QNC_Emax,0.90036713030036
QCN7D,log_QNC_Emax,0.90036713030036
QCN7D,log_QNC_Emax,0.90036713030036
QCN7D,log_QNC_Emax,0.90036713030036
QCN7D,log_QNC_Emax,0.90036713030036
QCN7D,log_QNC_Emax,0.90036713030036
QCN7D,log_QNC_Emax,0.784967876848888
QCN7D,log_QNC_Emax,0.927835730279856
QCN7D,log_QNC_Emax,0.927835730279856
QCN7D,log_QNC_Emax,0.927835730279856
QCN7D,log_QNC_Emax,0.927835730279856
QCN7D,log_QNC_Emax,0.873562341486363
QCN7D,log_QNC_Emax,0.873562341486363
QCN7D,log_QNC_Emax,0.873562341486363
QCN7D,log_QNC_Emax,0.873562341486363
QCN7D,log_QNC_Emax,0.873562341486363
QCN7D,log_QNC_Emax,0.873562341486363
QCN7D,log_QNC_Emax,0.773213551637242
QCN7D,log_QNC_Emax,0.773213551637242
QCN7D,log_QNC_Emax,0.773213551637242
QCN7D,log_QNC_Emax,0.819864538395512
QCN7D,log_QNC_Emax,0.819864538395512
QCN7D,log_QNC_Emax,0.819864538395512
QCN7D,log_QNC_Emax,0.819864538395512
QCN7D,log_QNC_Emax,0.819864538395512
QCN7D,log_QNC_Emax,0.819864538395512
QCN7D,log_QNC_Emax,0.819864538395512
QCN7D,log_QNC_Emax,0.819864538395512
QCN7D,log_QNC_Emax,0.819864538395512
QCN7D,log_QNC_Emax,0.819864538395512
QCN7D,log_QNC_Emax,0.819864538395512
QCN7D,log_QNC_Emax,0.819864538395512
QCN7D,log_QNC_Emax,0.819864538395512
QCN7D,log_QNC_Emax,0.819864538395512
QCN7D,log_QNC_Emax,0.819864538395512
QCN7D,log_QNC_Emax,0.819864538395512
QCN7D,log_QNC_Emax,0.819864538395512
QCN7D,log_QNC_Emax,0.819864538395512
QCN7D,log_QNC_Emax,0.819864538395512
QCN7D,log_QNC_Emax,0.819864538395512
QCN7D,log_QNC_Emax,0.819864538395512
QCN7D,log_QNC_Emax,0.807040648634085
QCN7D,log_QNC_Emax,0.823573846325495
QCN7D,log_QNC_Emax,0.823573846325495
QCN7D,log_QNC_Emax,0.859583600067696
QCN7D,log_QNC_Emax,0.859583600067696
QCN7D,log_QNC_Emax,0.859583600067696
QCN7D,log_QNC_Emax,0.853582037764251
QCN7D,log_QNC_Emax,0.853582037764251
QCN7D,log_QNC_Emax,0.847305849745716
QCN7D,log_QNC_Emax,0.847305849745716
QCN7D,log_QNC_Emax,0.847305849745716
QCN7D,log_QNC_Emax,0.847305849745716
QCN7D,log_QNC_Emax,0.772565791284312
QCN7D,log_QNC_Emax,0.77362715777235
QCN7D,log_QNC_Emax,0.820774164559441
QCN7D,log_QNC_Emax,0.820774164559441
QCN7D,log_QNC_Emax,0.820774164559441
QCN7D,log_QNC_Emax,0.820774164559441
QCN7D,log_QNC_Emax,0.793493687980735
QCN7D,log_QNC_Emax,0.765673434247736
QCN7D,log_QNC_Emax,0.733824859169538
QCN7D,log_QNC_Emax,0.837369850593343
QCN7D,log_QNC_Emax,0.919699745309902
QCN7D,log_QNC_Emax,0.785295437323055
QCN7D,log_QNC_Emax,0.785295437323055
QCN7D,log_QNC_Emax,0.857321854609762
QCN7D,log_QNC_Emax,0.857321854609762
QCN7D,log_QNC_Emax,0.857321854609762
QCN7D,log_QNC_Emax,0.857321854609762
QCN7D,log_QNC_Emax,0.857321854609762
QCN7D,log_QNC_Emax,0.857321854609762
QCN7D,log_QNC_Emax,0.857321854609762
QCN7D,log_QNC_Emax,0.857321854609762
QCN7D,log_QNC_Emax,0.932273393764306
QCN7D,log_QNC_Emax,0.932273393764306
QCN7D,log_QNC_Emax,0.906518453414317
QCN7D,log_QNC_Emax,0.906518453414317
QCN7D,log_QNC_Emax,0.805265034868927
QCN7D,log_QNC_Emax,0.805265034868927
QCN7D,log_QNC_Emax,0.805265034868927
QCN7D,log_QNC_Emax,0.805265034868927
QCN7D,log_QNC_Emax,0.805265034868927
QCN7D,log_QNC_Emax,0.973797805273912
QCN7D,log_QNC_Emax,0.973797805273912
QCN7D,log_QNC_Emax,0.981381550840361
QCN7D,log_QNC_Emax,0.981381550840361
QCN7D,log_QNC_Emax,0.913439844227843
QCN7D,log_QNC_Emax,0.913439844227843
QCN7D,log_QNC_Emax,0.913439844227843
QCN7D,log_QNC_Emax,0.913439844227843
QCN7D,log_QNC_Emax,0.913439844227843
QCN7D,log_QNC_Emax,0.913439844227843
QCN7D,log_QNC_Emax,0.913439844227843
QCN7D,log_QNC_Emax,0.913439844227843
QCN7D,log_QNC_Emax,0.913439844227843
QCN7D,log_QNC_Emax,0.845806995536516
QCN7D,log_QNC_Emax,0.780489082209587
QCN7D,log_QNC_Emax,0.925011323516577
QCN7D,log_QNC_Emax,0.925011323516577
QCN7D,log_QNC_Emax,0.884350562131015
QCN7D,log_QNC_Emax,0.884350562131015
QCN7D,log_QNC_Emax,0.884350562131015
QCN7D,log_QNC_Emax,0.884350562131015
QCN7D,log_QNC_Emax,0.884350562131015
QCN7D,log_QNC_Emax,0.884350562131015
QCN7D,log_QNC_Emax,0.884350562131015
QCN7D,log_QNC_Emax,0.884350562131015
QCN7D,log_QNC_Emax,0.928367873928867
QCN7D,log_QNC_Emax,0.905709735487573
QCN7D,log_QNC_Emax,1.00716451632166
QCN7D,log_QNC_Emax,1.00716451632166
QCN7D,log_QNC_Emax,1.04668041281504
QCN7D,log_QNC_Emax,1.04668041281504
QCN7D,log_QNC_Emax,0.929997353592823
QCN7D,log_QNC_Emax,0.929997353592823
QCN7D,log_QNC_Emax,0.929997353592823
QCN7D,log_QNC_Emax,0.929997353592823
QCN7D,log_QNC_Emax,0.929997353592823
QCN7D,log_QNC_Emax,0.929997353592823
QCN7D,log_QNC_Emax,0.929997353592823
QCN7D,log_QNC_Emax,0.929997353592823
QCN7D,log_QNC_Emax,0.952503491463928
QCN7D,log_QNC_Emax,0.971848437922282
QCN7D,log_QNC_Emax,0.971848437922282
QCN7D,log_QNC_Emax,0.971848437922282
QCN7D,log_QNC_Emax,0.971848437922282
QCN7D,log_QNC_Emax,0.971848437922282
QCN7D,log_QNC_Emax,0.925606502194025
QCN7D,log_QNC_Emax,0.888218506019481
QCN7D,log_QNC_Emax,0.978456888402239
QCN7D,log_QNC_Emax,0.895689258137611
QCN7D,log_QNC_Emax,0.895689258137611
QCN7D,log_QNC_Emax,0.895689258137611
QCN7D,log_QNC_Emax,1.00719300596874
QCN7D,log_QNC_Emax,1.00719300596874
QCN7D,log_QNC_Emax,1.00719300596874
QCN7D,log_QNC_Emax,1.00719300596874
QCN7D,log_QNC_Emax,0.834719859932077
QCN7D,log_QNC_Emax,0.834719859932077
QCN7D,log_QNC_Emax,0.834719859932077
QCN7D,log_QNC_Emax,0.892418242487409
QCN7D,log_QNC_Emax,0.916124551907058
QCN7D,log_QNC_Emax,0.893958476798386
QCN7D,log_QNC_Emax,0.893958476798386
QCN7D,log_QNC_Emax,0.820749576466518
QCN7D,log_QNC_Emax,0.820749576466518
QCN7D,log_QNC_Emax,1.18702337634337
QCN7D,log_QNC_Emax,0.905600060165056
QCN7D,log_QNC_Emax,0.905600060165056
QCN7D,log_QNC_Emax,1.02579923756714
QCN7D,log_QNC_Emax,1.02579923756714
QCN7D,log_QNC_Emax,1.02579923756714
QCN7D,log_QNC_Emax,1.02579923756714
QCN7D,log_QNC_Emax,1.02579923756714
QCN7D,log_QNC_Emax,1.02579923756714
QCN7D,log_QNC_Emax,1.02579923756714
QCN7D,log_QNC_Emax,1.11208365030751
QCN7D,log_QNC_Emax,1.11208365030751
QCN7D,log_QNC_Emax,1.11208365030751
QCN7D,log_QNC_Emax,1.11208365030751
QCN7D,log_QNC_Emax,1.11208365030751
QCN7D,log_QNC_Emax,1.11208365030751
QCN7D,log_QNC_Emax,1.02078020308103
QCN7D,log_QNC_Emax,1.02078020308103
QCN7D,log_QNC_Emax,0.88532572124286
QCN7D,log_QNC_Emax,1.17512240816506
QCN7D,log_QNC_Emax,1.27853751289189
QCN7D,log_QNC_Emax,1.1800459118901
QCN7D,log_QNC_Emax,1.1800459118901
QCN7D,log_QNC_Emax,1.1800459118901
QCN7D,log_QNC_Emax,1.1800459118901
QCN7D,log_QNC_Emax,1.06474340723814
QCN7D,log_QNC_Emax,0.823575687323062
QCN7D,log_QNC_Emax,1.13296362525514
QCN7D,log_QNC_Emax,1.13296362525514
QCN7D,log_QNC_Emax,1.02600663444724
QCN7D,log_QNC_Emax,1.21221905512435
QCN7D,log_QNC_Emax,1.22140922908862
QCN7D,log_QNC_Emax,0.990984390125004
QCN7D,log_QNC_Emax,0.990984390125004
QCN7D,log_QNC_Emax,0.990984390125004
QCN7D,log_QNC_Emax,0.990984390125004
QCN7D,log_QNC_Emax,0.990984390125004
QCN7D,log_QNC_Emax,1.36146871614731
QCN7D,log_QNC_Emax,1.36146871614731
QCN7D,log_QNC_Emax,1.26201191765155
QCN7D,log_QNC_Emax,1.26201191765155
QCN7D,log_QNC_Emax,1.03620807316451
QCN7D,log_QNC_Emax,1.19490141437217
QCN7D,log_QNC_Emax,1.09325038720092
QCN7D,log_QNC_Emax,1.09325038720092
QCN7D,log_QNC_Emax,1.09325038720092
QCN7D,log_QNC_Emax,1.11994813183166
QCN7D,log_QNC_Emax,1.11994813183166
QCN7D,log_QNC_Emax,1.11994813183166
QCN7D,log_QNC_Emax,1.11994813183166
QCN7D,log_QNC_Emax,1.02439733861463
QCN7D,log_QNC_Emax,1.02439733861463
QCN7D,log_QNC_Emax,1.02439733861463
QCN7D,log_QNC_Emax,1.11465771515085
QCN7D,log_QNC_Emax,1.11465771515085
QCN7D,log_QNC_Emax,1.11465771515085
QCN7D,log_QNC_Emax,1.11465771515085
QCN7D,log_QNC_Emax,1.11465771515085
QCN7D,log_QNC_Emax,1.11465771515085
QCN7D,log_QNC_Emax,1.11465771515085
QCN7D,log_QNC_Emax,0.869152036723295
QCN7D,log_QNC_Emax,0.958461161457429
QCN7D,log_QNC_Emax,0.958461161457429
QCN7D,log_QNC_Emax,0.958461161457429
QCN7D,log_QNC_Emax,0.958461161457429
QCN7D,log_QNC_Emax,0.958461161457429
QCN7D,log_QNC_Emax,0.958461161457429
QCN7D,log_QNC_Emax,0.958461161457429
QCN7D,log_QNC_Emax,0.958461161457429
QCN7D,log_QNC_Emax,0.958461161457429
QCN7D,log_QNC_Emax,0.958461161457429
QCN7D,log_QNC_Emax,0.958461161457429
QCN7D,log_QNC_Emax,0.958461161457429
QCN7D,log_QNC_Emax,0.958461161457429
QCN7D,log_QNC_Emax,1.050218570549
QCN7D,log_QNC_Emax,1.050218570549
QCN7D,log_QNC_Emax,1.050218570549
QCN7D,log_QNC_Emax,0.873182083558815
QCN7D,log_QNC_Emax,0.873182083558815
QCN7D,log_QNC_Emax,0.873182083558815
QCN7D,log_QNC_Emax,0.873182083558815
QCN7D,log_QNC_Emax,1.20097787944676
QCN7D,log_QNC_Emax,1.20097787944676
QCN7D,log_QNC_Emax,1.20097787944676
QCN7D,log_QNC_Emax,1.20097787944676
QCN7D,log_QNC_Emax,1.20097787944676
QCN7D,log_QNC_Emax,1.10852911219402
QCN7D,log_QNC_Emax,1.10852911219402
QCN7D,log_QNC_Emax,1.10852911219402
QCN7D,log_QNC_Emax,1.10852911219402
QCN7D,log_QNC_Emax,0.86154095927859
QCN7D,log_QNC_Emax,0.86154095927859
QCN7D,log_QNC_Emax,0.903134891563707
QCN7D,log_QNC_Emax,1.10677827469341
QCN7D,log_QNC_Emax,0.969771782941306
QCN7D,log_QNC_Emax,1.06710266326622
QCN7D,log_QNC_Emax,1.06710266326622
QCN7D,log_QNC_Emax,1.06710266326622
QCN7D,log_QNC_Emax,1.06710266326622
QCN7D,log_QNC_Emax,1.06710266326622
QCN7D,log_QNC_Emax,1.06710266326622
QCN7D,log_QNC_Emax,1.06710266326622
QCN7D,log_QNC_Emax,1.06710266326622
QCN7D,log_QNC_Emax,1.06710266326622
QCN7D,log_QNC_Emax,1.19261066813075
QCN7D,log_QNC_Emax,1.19261066813075
QCN7D,log_QNC_Emax,1.19261066813075
QCN7D,log_QNC_Emax,1.04073546742654
QCN7D,log_QNC_Emax,1.04073546742654
QCN7D,log_QNC_Emax,1.04073546742654
QCN7D,log_QNC_Emax,1.04073546742654
QCN7D,log_QNC_Emax,1.04073546742654
QCN7D,log_QNC_Emax,1.04073546742654
QCN7D,log_QNC_Emax,1.2397692857412
QCN7D,log_QNC_Emax,1.2397692857412
QCN7D,log_QNC_Emax,1.2397692857412
QCN7D,log_QNC_Emax,1.20856018501238
QCN7D,log_QNC_Emax,1.0960904854803
QCN7D,log_QNC_Emax,0.932954889555941
QCN7D,log_QNC_Emax,1.17981937009098
QCN7D,log_QNC_Emax,1.17981937009098
QCN7D,log_QNC_Emax,1.17981937009098
QCN7D,log_QNC_Emax,1.17981937009098
QCN7D,log_QNC_Emax,1.17981937009098
QCN7D,log_QNC_Emax,1.17981937009098
QCN7D,log_QNC_Emax,1.17981937009098
QCN7D,log_QNC_Emax,1.17981937009098
QCN7D,log_QNC_Emax,1.17981937009098
QCN7D,log_QNC_Emax,1.17981937009098
QCN7D,log_QNC_Emax,1.17981937009098
QCN7D,log_QNC_Emax,1.17981937009098
QCN7D,log_QNC_Emax,1.17981937009098
QCN7D,log_QNC_Emax,1.27668415271816
QCN7D,log_QNC_Emax,1.27668415271816
QCN7D,log_QNC_Emax,1.33633316270745
QCN7D,log_QNC_Emax,1.31655244120544
QCN7D,log_QNC_Emax,1.31655244120544
QCN7D,log_QNC_Emax,1.31655244120544
QCN7D,log_QNC_Emax,1.31655244120544
QCN7D,log_QNC_Emax,1.23737335821
QCN7D,log_QNC_Emax,1.23737335821
QCN7D,log_QNC_Emax,1.23737335821
QCN7D,log_QNC_Emax,1.23737335821
QCN7D,log_QNC_Emax,1.23737335821
QCN7D,log_QNC_Emax,1.24861157031883
QCN7D,log_QNC_Emax,1.24861157031883
QCN7D,log_QNC_Emax,1.25963689498004
QCN7D,log_QNC_Emax,1.25963689498004
QCN7D,log_QNC_Emax,1.25963689498004
QCN7D,log_QNC_Emax,1.25963689498004
QCN7D,log_QNC_Emax,1.25963689498004
QCN7D,log_QNC_Emax,1.25963689498004
QCN7D,log_QNC_Emax,1.25963689498004
QCN7D,log_QNC_Emax,1.25963689498004
QCN7D,log_QNC_Emax,1.15885084286813
QCN7D,log_QNC_Emax,1.15885084286813
QCN7D,log_QNC_Emax,1.15885084286813
QCN7D,log_QNC_Emax,1.15885084286813
QCN7D,log_QNC_Emax,1.15885084286813
QCN7D,log_QNC_Emax,1.15885084286813
QCN7D,log_QNC_Emax,1.15885084286813
QCN7D,log_QNC_Emax,1.15885084286813
QCN7D,log_QNC_Emax,1.15885084286813
QCN7D,log_QNC_Emax,1.15885084286813
QCN7D,log_QNC_Emax,1.23867393409323
QCN7D,log_QNC_Emax,1.23867393409323
QCN7D,log_QNC_Emax,1.15157062222114
QCN7D,log_QNC_Emax,1.15157062222114
QCN7D,log_QNC_Emax,1.15157062222114
QCN7D,log_QNC_Emax,1.15157062222114
QCN7D,log_QNC_Emax,1.09474081729153
QCN7D,log_QNC_Emax,1.09474081729153
QCN7D,log_QNC_Emax,1.09474081729153
QCN7D,log_QNC_Emax,1.09474081729153
QCN7D,log_QNC_Emax,1.09474081729153
QCN7D,log_QNC_Emax,1.09474081729153
QCN7D,log_QNC_Emax,1.09474081729153
QCN7D,log_QNC_Emax,1.09474081729153
QCN7D,log_QNC_Emax,1.09474081729153
QCN7D,log_QNC_Emax,1.09474081729153
QCN7D,log_QNC_Emax,1.09474081729153
QCN7D,log_QNC_Emax,1.2061973415217
QCN7D,log_QNC_Emax,1.2061973415217
QCN7D,log_QNC_Emax,1.2061973415217
QCN7D,log_QNC_Emax,1.2061973415217
QCN7D,log_QNC_Emax,1.2061973415217
QCN7D,log_QNC_Emax,1.2061973415217
QCN7D,log_QNC_Emax,1.2061973415217
QCN7D,log_QNC_Emax,1.2061973415217
QCN7D,log_QNC_Emax,1.07115816113165
QCN7D,log_QNC_Emax,1.10451352871096
QCN7D,log_QNC_Emax,1.16574617788658
QCN7D,log_QNC_Emax,1.16574617788658
QCN7D,log_QNC_Emax,1.16574617788658
QCN7D,log_QNC_Emax,1.16574617788658
QCN7D,log_QNC_Emax,1.16574617788658
QCN7D,log_QNC_Emax,1.16574617788658
QCN7D,log_QNC_Emax,1.16574617788658
QCN7D,log_QNC_Emax,1.16574617788658
QCN7D,log_QNC_Emax,1.16574617788658
QCN7D,log_QNC_Emax,1.16574617788658
QCN7D,log_QNC_Emax,1.16574617788658
QCN7D,log_QNC_Emax,1.16574617788658
QCN7D,log_QNC_Emax,1.16574617788658
QCN7D,log_QNC_Emax,1.16574617788658
QCN7D,log_QNC_Emax,1.26969608784749
QCN7D,log_QNC_Emax,1.33327670046538
QCN7D,log_QNC_Emax,1.27218611858351
QCN7D,log_QNC_Emax,1.27218611858351
QCN7D,log_QNC_Emax,1.30562676246273
QCN7D,log_QNC_Emax,1.12553517321839
QCN7D,log_QNC_Emax,1.12553517321839
QCN7D,log_QNC_Emax,1.06393158278038
QCN7D,log_QNC_Emax,1.06393158278038
QCN7D,log_QNC_Emax,1.06393158278038
QCN7D,log_QNC_Emax,1.06393158278038
QCN7D,log_QNC_Emax,1.16257614426735
QCN7D,log_QNC_Emax,1.16257614426735
QCN7D,log_QNC_Emax,1.16257614426735
QCN7D,log_QNC_Emax,1.16257614426735
QCN7D,log_QNC_Emax,1.2379580587799
QCN7D,log_QNC_Emax,0.975950929025719
QCN7D,log_QNC_Emax,0.975950929025719
QCN7D,log_QNC_Emax,0.975950929025719
QCN7D,log_QNC_Emax,0.975950929025719
QCN7D,log_QNC_Emax,1.16028670258957
QCN7D,log_QNC_Emax,1.16028670258957
QCN7D,log_QNC_Emax,1.16028670258957
QCN7D,log_QNC_Emax,1.16028670258957
QCN7D,log_QNC_Emax,1.16028670258957
QCN7D,log_QNC_Emax,1.16028670258957
QCN7D,log_QNC_Emax,1.15049210053666
QCN7D,log_QNC_Emax,1.15049210053666
QCN7D,log_QNC_Emax,1.15049210053666
QCN7D,log_QNC_Emax,1.04479970832097
QCN7D,log_QNC_Emax,1.04479970832097
QCN7D,log_QNC_Emax,1.04479970832097
QCN7D,log_QNC_Emax,1.04479970832097
QCN7D,log_QNC_Emax,1.04479970832097
QCN7D,log_QNC_Emax,1.04479970832097
QCN7D,log_QNC_Emax,1.04479970832097
QCN7D,log_QNC_Emax,1.04479970832097
QCN7D,log_QNC_Emax,1.0429036951082
QCN7D,log_QNC_Emax,1.0429036951082
QCN7D,log_QNC_Emax,1.0429036951082
QCN7D,log_QNC_Emax,1.0429036951082
QCN7D,log_QNC_Emax,0.946251716357541
QCN7D,log_QNC_Emax,0.946251716357541
QCN7D,log_QNC_Emax,0.946251716357541
QCN7D,log_QNC_Emax,0.944044912750755
QCN7D,log_QNC_Emax,0.944044912750755
QCN7D,log_QNC_Emax,0.944044912750755
QCN7D,log_QNC_Emax,0.938120164221378
QCN7D,log_QNC_Emax,1.15098527629627
QCN7D,log_QNC_Emax,0.993049476417124
QCN7D,log_QNC_Emax,1.02691338643227
QCN7D,log_QNC_Emax,1.02691338643227
QCN7D,log_QNC_Emax,1.02691338643227
QCN7D,log_QNC_Emax,1.03501824179932
QCN7D,log_QNC_Emax,1.00016154974729
QCN7D,log_QNC_Emax,1.06759212891608
QCN7D,log_QNC_Emax,1.06759212891608
QCN7D,log_QNC_Emax,1.06759212891608
QCN7D,log_QNC_Emax,1.06759212891608
QCN7D,log_QNC_Emax,1.03748906914467
QCN7D,log_QNC_Emax,1.03748906914467
QCN7D,log_QNC_Emax,1.03748906914467
QCN7D,log_QNC_Emax,0.932313873754274
QCN7D,log_QNC_Emax,0.932313873754274
QCN7D,log_QNC_Emax,1.06268314096368
QCN7D,log_QNC_Emax,1.06268314096368
QCN7D,log_QNC_Emax,1.06268314096368
QCN7D,log_QNC_Emax,1.06268314096368
QCN7D,log_QNC_Emax,1.06268314096368
QCN7D,log_QNC_Emax,1.06825018725378
QCN7D,log_QNC_Emax,1.06825018725378
QCN7D,log_QNC_Emax,1.06825018725378
QCN7D,log_QNC_Emax,1.06825018725378
QCN7D,log_QNC_Emax,1.06825018725378
QCN7D,log_QNC_Emax,1.06825018725378
QCN7D,log_QNC_Emax,1.06825018725378
QCN7D,log_QNC_Emax,1.06825018725378
QCN7D,log_QNC_Emax,1.03254885910235
QCN7D,log_QNC_Emax,1.03254885910235
QCN7D,log_QNC_Emax,1.03254885910235
QCN7D,log_QNC_Emax,1.03254885910235
QCN7D,log_QNC_Emax,1.21041636416732
QCN7D,log_QNC_Emax,1.21041636416732
QCN7D,log_QNC_Emax,1.21041636416732
QCN7D,log_QNC_Emax,1.22896716385086
QCN7D,log_QNC_Emax,1.22896716385086
QCN7D,log_QNC_Emax,1.18744206154848
QCN7D,log_QNC_Emax,1.17515966959346
QCN7D,log_QNC_Emax,1.17515966959346
QCN7D,log_QNC_Emax,1.17515966959346
QCN7D,log_QNC_Emax,1.17515966959346
QCN7D,log_QNC_Emax,1.17515966959346
QCN7D,log_QNC_Emax,1.29302999136669
QCN7D,log_QNC_Emax,1.29302999136669
QCN7D,log_QNC_Emax,1.29302999136669
QCN7D,log_QNC_Emax,1.29302999136669
QCN7D,log_QNC_Emax,1.29302999136669
QCN7D,log_QNC_Emax,1.29302999136669
QCN7D,log_QNC_Emax,1.29033427019194
QCN7D,log_QNC_Emax,1.28068709614782
QCN7D,log_QNC_Emax,1.28068709614782
QCN7D,log_QNC_Emax,1.28068709614782
QCN7D,log_QNC_Emax,1.28068709614782
QCN7D,log_QNC_Emax,1.28068709614782
QCN7D,log_QNC_Emax,1.1500185549035
QCN7D,log_QNC_Emax,1.1500185549035
QCN7D,log_QNC_Emax,1.1500185549035
QCN7D,log_QNC_Emax,1.1500185549035
QCN7D,log_QNC_Emax,1.20543190689011
QCN7D,log_QNC_Emax,1.20543190689011
QCN7D,log_QNC_Emax,1.20543190689011
QCN7D,log_QNC_Emax,1.20543190689011
QCN7D,log_QNC_Emax,1.20543190689011
QCN7D,log_QNC_Emax,1.20543190689011
QCN7D,log_QNC_Emax,1.20543190689011
QCN7D,log_QNC_Emax,1.20543190689011
QCN7D,log_QNC_Emax,1.20543190689011
QCN7D,log_QNC_Emax,1.1553017831506
QCN7D,log_QNC_Emax,1.16711869636054
QCN7D,log_QNC_Emax,1.16711869636054
QCN7D,log_QNC_Emax,1.16711869636054
QCN7D,log_QNC_Emax,1.16711869636054
QCN7D,log_QNC_Emax,1.16711869636054
QCN7D,log_QNC_Emax,1.16711869636054
QCN7D,log_QNC_Emax,1.16711869636054
QCN7D,log_QNC_Emax,1.16711869636054
QCN7D,log_QNC_Emax,1.16711869636054
QCN7D,log_QNC_Emax,1.16711869636054
QCN7D,log_QNC_Emax,1.14663112990183
QCN7D,log_QNC_Emax,1.14663112990183
QCN7D,log_QNC_Emax,1.09245523237551
QCN7D,log_QNC_Emax,1.09245523237551
QCN7D,log_QNC_Emax,1.09245523237551
QCN7D,log_QNC_Emax,1.09245523237551
QCN7D,log_QNC_Emax,1.0665044564275
QCN7D,log_QNC_Emax,1.0665044564275
QCN7D,log_QNC_Emax,1.0665044564275
QCN7D,log_QNC_Emax,1.0665044564275
QCN7D,log_QNC_Emax,1.0665044564275
QCN7D,log_QNC_Emax,1.0665044564275
QCN7D,log_QNC_Emax,1.16902738936506
QCN7D,log_QNC_Emax,1.16902738936506
QCN7D,log_QNC_Emax,1.16902738936506
QCN7D,log_QNC_Emax,1.16902738936506
QCN7D,log_QNC_Emax,1.16902738936506
QCN7D,log_QNC_Emax,1.16902738936506
QCN7D,log_QNC_Emax,1.16902738936506
QCN7D,log_QNC_Emax,1.16902738936506
QCN7D,log_QNC_Emax,1.16902738936506
QCN7D,log_QNC_Emax,1.16902738936506
QCN7D,log_QNC_Emax,1.16902738936506
QCN7D,log_QNC_Emax,1.16902738936506
QCN7D,log_QNC_Emax,1.14868736270971
QCN7D,log_QNC_Emax,1.15141817474505
QCN7D,log_QNC_Emax,1.15141817474505
QCN7D,log_QNC_Emax,1.15141817474505
QCN7D,log_QNC_Emax,1.15141817474505
QCN7D,log_QNC_Emax,1.15141817474505
QCN7D,log_QNC_Emax,1.15141817474505
QCN7D,log_QNC_Emax,1.15141817474505
QCN7D,log_QNC_Emax,1.18642919539297
QCN7D,log_QNC_Emax,1.18642919539297
QCN7D,log_QNC_Emax,1.12539254094895
QCN7D,log_QNC_Emax,1.12539254094895
QCN7D,log_QNC_Emax,1.12539254094895
QCN7D,log_QNC_Emax,1.12539254094895
QCN7D,log_QNC_Emax,1.12539254094895
QCN7D,log_QNC_Emax,1.12539254094895
QCN7D,log_QNC_Emax,1.13897236997786
QCN7D,log_QNC_Emax,1.13897236997786
QCN7D,log_QNC_Emax,1.13897236997786
QCN7D,log_QNC_Emax,1.10610013128581
QCN7D,log_QNC_Emax,1.14033456857831
QCN7D,log_QNC_Emax,1.28176547100119
QCN7D,log_QNC_Emax,1.28176547100119
QCN7D,log_QNC_Emax,1.28176547100119
QCN7D,log_QNC_Emax,1.28176547100119
QCN7D,log_QNC_Emax,1.28176547100119
QCN7D,log_QNC_Emax,1.2114887371887
QCN7D,log_QNC_Emax,1.2114887371887
QCN7D,log_QNC_Emax,1.2114887371887
QCN7D,log_QNC_Emax,0.954877923247233
QCN7D,log_QNC_Emax,0.954877923247233
QCN7D,log_QNC_Emax,0.954877923247233
QCN7D,log_QNC_Emax,1.4512847079602
QCN7D,log_QNC_Emax,1.42923838434716
QCN7D,log_QNC_Emax,1.33539039114579
QCN7D,log_QNC_Emax,0.913868711656056
QCN7D,log_QNC_Emax,0.913868711656056
QCN7D,log_QNC_Emax,0.874814566484166
QCN7D,log_QNC_Emax,0.874814566484166
QCN7D,log_QNC_Emax,0.874814566484166
QCN7D,log_QNC_Emax,0.933777088569755
QCN7D,log_QNC_Emax,0.956367754316074
QCN7D,log_QNC_Emax,0.956367754316074
QCN7D,log_QNC_Emax,1.05641159486424
QCN7D,log_QNC_Emax,1.07520399353824
QCN7D,log_QNC_Emax,0.980328169677769
QCN7D,log_QNC_Emax,0.980328169677769
QCN7D,log_QNC_Emax,0.980328169677769
QCN7D,log_QNC_Emax,0.980328169677769
QCN7D,log_QNC_Emax,0.980328169677769
QCN7D,log_QNC_Emax,0.980328169677769
QCN7D,log_QNC_Emax,0.980328169677769
QCN7D,log_QNC_Emax,0.980328169677769
QCN7D,log_QNC_Emax,0.980328169677769
QCN7D,log_QNC_Emax,0.980328169677769
QCN7D,log_QNC_Emax,0.993115355037837
QCN7D,log_QNC_Emax,0.993115355037837
QCN7D,log_QNC_Emax,0.993115355037837
QCN7D,log_QNC_Emax,0.993115355037837
QCN7D,log_QNC_Emax,0.993115355037837
QCN7D,log_QNC_Emax,0.993115355037837
QCN7D,log_QNC_Emax,0.993115355037837
QCN7D,log_QNC_Emax,0.993115355037837
QCN7D,log_QNC_Emax,0.993115355037837
QCN7D,log_QNC_Emax,0.993115355037837
QCN7D,log_QNC_Emax,0.993115355037837
QCN7D,log_QNC_Emax,0.92342831294608
QCN7D,log_QNC_Emax,0.92342831294608
QCN7D,log_QNC_Emax,0.92342831294608
QCN7D,log_QNC_Emax,0.92342831294608
QCN7D,log_QNC_Emax,0.92342831294608
QCN7D,log_QNC_Emax,0.92342831294608
QCN7D,log_QNC_Emax,0.92342831294608
QCN7D,log_QNC_Emax,0.92342831294608
QCN7D,log_QNC_Emax,0.92342831294608
QCN7D,log_QNC_Emax,0.92342831294608
QCN7D,log_QNC_Emax,0.917519976569307
QCN7D,log_QNC_Emax,0.935230759761492
QCN7D,log_QNC_Emax,0.935230759761492
QCN7D,log_QNC_Emax,0.935230759761492
QCN7D,log_QNC_Emax,0.935230759761492
QCN7D,log_QNC_Emax,0.935230759761492
QCN7D,log_QNC_Emax,0.935230759761492
QCN7D,log_QNC_Emax,0.935230759761492
QCN7D,log_QNC_Emax,1.00617917676086
QCN7D,log_QNC_Emax,1.01486779136226
QCN7D,log_QNC_Emax,0.992526972335682
QCN7D,log_QNC_Emax,0.992526972335682
QCN7D,log_QNC_Emax,0.992526972335682
QCN7D,log_QNC_Emax,0.992526972335682
QCN7D,log_QNC_Emax,0.992526972335682
QCN7D,log_QNC_Emax,0.992526972335682
QCN7D,log_QNC_Emax,0.927788064280732
QCN7D,log_QNC_Emax,0.927788064280732
QCN7D,log_QNC_Emax,1.0070097097671
QCN7D,log_QNC_Emax,1.0070097097671
QCN7D,log_QNC_Emax,1.0070097097671
QCN7D,log_QNC_Emax,0.928887295351573
QCN7D,log_QNC_Emax,0.806953849205473
QCN7D,log_QNC_Emax,0.806953849205473
QCN7D,log_QNC_Emax,1.15681714201797
QCN7D,log_QNC_Emax,1.22873360976417
QCN7D,log_QNC_Emax,1.22873360976417
QCN7D,log_QNC_Emax,1.22873360976417
QCN7D,log_QNC_Emax,1.22873360976417
QCN7D,log_QNC_Emax,1.22873360976417
QCN7D,log_QNC_Emax,1.22873360976417
QCN7D,log_QNC_Emax,1.10605969201889
QCN7D,log_QNC_Emax,0.866389554481353
QCN7D,log_QNC_Emax,0.866389554481353
QCN7D,log_QNC_Emax,0.866389554481353
QCN7D,log_QNC_Emax,0.963989332634925
QCN7D,log_QNC_Emax,0.963989332634925
QCN7D,log_QNC_Emax,0.963989332634925
QCN7D,log_QNC_Emax,0.963989332634925
QCN7D,log_QNC_Emax,1.10009493955289
QCN7D,log_QNC_Emax,1.10009493955289
QCN7D,log_QNC_Emax,1.10009493955289
QCN7D,log_QNC_Emax,0.969370310026254
QCN7D,log_QNC_Emax,0.969370310026254
QCN7D,log_QNC_Emax,1.06781011605861
QCN7D,log_QNC_Emax,1.06781011605861
QCN7D,log_QNC_Emax,1.06781011605861
QCN7D,log_QNC_Emax,1.06781011605861
QCN7D,log_QNC_Emax,1.06781011605861
QCN7D,log_QNC_Emax,1.06781011605861
QCN7D,log_QNC_Emax,1.06781011605861
QCN7D,log_QNC_Emax,0.958308027676079
QCN7D,log_QNC_Emax,0.958308027676079
QCN7D,log_QNC_Emax,0.958308027676079
QCN7D,log_QNC_Emax,0.958308027676079
QCN7D,log_QNC_Emax,0.931740166951035
QCN7D,log_QNC_Emax,1.25416961936966
QCN7D,log_QNC_Emax,1.25416961936966
QCN7D,log_QNC_Emax,1.25416961936966
QCN7D,log_QNC_Emax,1.25416961936966
QCN7D,log_QNC_Emax,1.16316607713148
QCN7D,log_QNC_Emax,1.34583890844436
QCN7D,log_QNC_Emax,1.46969387982422
QCN7D,log_QNC_Emax,1.367875737762
QCN7D,log_QNC_Emax,1.35562649515148
QCN7D,log_QNC_Emax,1.35562649515148
QCN7D,log_QNC_Emax,1.35562649515148
QCN7D,log_QNC_Emax,1.35562649515148
QCN7D,log_QNC_Emax,1.35562649515148
QCN7D,log_QNC_Emax,1.35562649515148
QCN7D,log_QNC_Emax,1.35562649515148
QCN7D,log_QNC_Emax,1.23773318041718
QCN7D,log_QNC_Emax,1.23773318041718
QCN7D,log_QNC_Emax,1.14916286687218
QCN7D,log_QNC_Emax,1.20084403858585
QCN7D,log_QNC_Emax,1.29014810735381
QCN7D,log_QNC_Emax,1.29132576081469
QCN7D,log_QNC_Emax,1.29132576081469
QCN7D,log_QNC_Emax,1.29132576081469
QCN7D,log_QNC_Emax,1.29591540590348
QCN7D,log_QNC_Emax,1.29591540590348
QCN7D,log_QNC_Emax,1.30946628598404
QCN7D,log_QNC_Emax,1.30946628598404
QCN7D,log_QNC_Emax,1.30946628598404
QCN7D,log_QNC_Emax,1.23860210664604
QCN7D,log_QNC_Emax,1.23860210664604
QCN7D,log_QNC_Emax,1.39641408311084
QCN7D,log_QNC_Emax,1.39641408311084
QCN7D,log_QNC_Emax,1.39641408311084
QCN7D,log_QNC_Emax,1.39641408311084
QCN7D,log_QNC_Emax,1.39641408311084
QCN7D,log_QNC_Emax,1.39641408311084
QCN7D,log_QNC_Emax,1.39641408311084
QCN7D,log_QNC_Emax,1.39641408311084
QCN7D,log_QNC_Emax,1.39641408311084
QCN7D,log_QNC_Emax,1.58885597528509
QCN7D,log_QNC_Emax,1.27976928364306
QCN7D,log_QNC_Emax,1.26788490492678
QCN7D,log_QNC_Emax,1.26788490492678
QCN7D,log_QNC_Emax,1.35139879846936
QCN7D,log_QNC_Emax,1.35139879846936
QCN7D,log_QNC_Emax,1.22281601361103
QCN7D,log_QNC_Emax,1.14117469212071
QCN7D,log_QNC_Emax,1.20146322731147
QCN7D,log_QNC_Emax,1.20146322731147
QCN7D,log_QNC_Emax,1.15953297052356
QCN7D,log_QNC_Emax,1.15953297052356
QCN7D,log_QNC_Emax,1.62613901136573
QCN7D,log_QNC_Emax,1.55935351400879
QCN7D,log_QNC_Emax,1.44343838461263
QCN7D,log_QNC_Emax,1.44343838461263
QCN7D,log_QNC_Emax,1.44343838461263
QCN7D,log_QNC_Emax,1.4382213565223
QCN7D,log_QNC_Emax,1.4382213565223
QCN7D,log_QNC_Emax,1.30961849301809
QCN7D,log_QNC_Emax,1.30961849301809
QCN7D,log_QNC_Emax,1.30961849301809
QCN7D,log_QNC_Emax,1.26009010091074
QCN7D,log_QNC_Emax,1.26009010091074
QCN7D,log_QNC_Emax,1.37412189510282
QCN7D,log_QNC_Emax,1.37412189510282
QCN7D,log_QNC_Emax,1.37412189510282
QCN7D,log_QNC_Emax,1.37412189510282
QCN7D,log_QNC_Emax,1.37412189510282
QCN7D,log_QNC_Emax,1.37412189510282
QCN7D,log_QNC_Emax,1.32846098102135
QCN7D,log_QNC_Emax,1.32846098102135
QCN7D,log_QNC_Emax,1.26022242367259
QCN7D,log_QNC_Emax,1.26022242367259
QCN7D,log_QNC_Emax,1.16798255923443
QCN7D,log_QNC_Emax,1.16798255923443
QCN7D,log_QNC_Emax,1.16798255923443
QCN7D,log_QNC_Emax,1.16798255923443
QCN7D,log_QNC_Emax,1.16798255923443
QCN7D,log_QNC_Emax,1.16798255923443
QCN7D,log_QNC_Emax,1.16798255923443
QCN7D,log_QNC_Emax,1.07790243217698
QCN7D,log_QNC_Emax,1.07790243217698
QCN7D,log_QNC_Emax,1.07790243217698
QCN7D,log_QNC_Emax,1.07790243217698
QCN7D,log_QNC_Emax,1.07790243217698
QCN7D,log_QNC_Emax,1.07790243217698
QCN7D,log_QNC_Emax,1.07790243217698
QCN7D,log_QNC_Emax,1.07790243217698
QCN7D,log_QNC_Emax,1.07790243217698
QCN7D,log_QNC_Emax,1.07790243217698
QCN7D,log_QNC_Emax,1.07790243217698
QCN7D,log_QNC_Emax,1.22702183911256
QCN7D,log_QNC_Emax,1.22702183911256
QCN7D,log_QNC_Emax,1.32860784255037
QCN7D,log_QNC_Emax,1.02740575971052
QCN7D,log_QNC_Emax,1.02740575971052
QCN7D,log_QNC_Emax,1.02740575971052
QCN7D,log_QNC_Emax,1.02979590462793
QCN7D,log_QNC_Emax,0.876616375063449
QCN7D,log_QNC_Emax,0.876616375063449
QCN7D,log_QNC_Emax,0.876616375063449
QCN7D,log_QNC_Emax,0.876616375063449
QCN7D,log_QNC_Emax,0.8090530561852
QCN7D,log_QNC_Emax,0.8090530561852
QCN7D,log_QNC_Emax,0.834611032736831
QCN7D,log_QNC_Emax,1.39037644292702
QCN7D,log_QNC_Emax,1.39037644292702
QCN7D,log_QNC_Emax,1.39037644292702
QCN7D,log_QNC_Emax,1.39037644292702
QCN7D,log_QNC_Emax,1.08253352999842
QCN7D,log_QNC_Emax,1.08253352999842
QCN7D,log_QNC_Emax,1.08253352999842
QCN7D,log_QNC_Emax,1.08253352999842
QCN7D,log_QNC_Emax,1.08253352999842
QCN7D,log_QNC_Emax,1.08253352999842
QCN7D,log_QNC_Emax,1.08253352999842
QCN7D,log_QNC_Emax,1.22781093302417
QCN7D,log_QNC_Emax,1.22781093302417
QCN7D,log_QNC_Emax,1.02748556665148
QCN7D,log_QNC_Emax,1.02748556665148
QCN7D,log_QNC_Emax,1.02748556665148
QCN7D,log_QNC_Emax,1.02748556665148
QCN7D,log_QNC_Emax,0.921689550075196
QCN7D,log_QNC_Emax,1.14267721358748
QCN7D,log_QNC_Emax,1.14267721358748
QCN7D,log_QNC_Emax,1.14267721358748
QCN7D,log_QNC_Emax,1.14267721358748
QCN7D,log_QNC_Emax,1.14267721358748
QCN7D,log_QNC_Emax,1.14267721358748
QCN7D,log_QNC_Emax,1.14267721358748
QCN7D,log_QNC_Emax,1.14267721358748
QCN7D,log_QNC_Emax,1.37391056966827
QCN7D,log_QNC_Emax,1.37391056966827
QCN7D,log_QNC_Emax,1.37391056966827
QCN7D,log_QNC_Emax,1.07255704264238
QCN7D,log_QNC_Emax,1.07255704264238
QCN7D,log_QNC_Emax,1.07871348894172
QCN7D,log_QNC_Emax,1.07871348894172
QCN7D,log_QNC_Emax,1.07871348894172
QCN7D,log_QNC_Emax,1.07871348894172
QCN7D,log_QNC_Emax,1.07871348894172
QCN7D,log_QNC_Emax,1.07871348894172
QCN7D,log_QNC_Emax,1.07871348894172
QCN7D,log_QNC_Emax,1.07871348894172
QCN7D,log_QNC_Emax,1.07871348894172
QCN7D,log_QNC_Emax,1.07871348894172
QCN7D,log_QNC_Emax,1.07871348894172
QCN7D,log_QNC_Emax,1.07871348894172
QCN7D,log_QNC_Emax,1.07871348894172
QCN7D,log_QNC_Emax,1.07871348894172
QCN7D,log_QNC_Emax,1.04915122027281
QCN7D,log_QNC_Emax,1.04915122027281
QCN7D,log_QNC_Emax,1.02395408159089
QCN7D,log_QNC_Emax,1.02395408159089
QCN7D,log_QNC_Emax,1.07007848523726
QCN7D,log_QNC_Emax,1.07495897305775
QCN7D,log_QNC_Emax,1.07495897305775
QCN7D,log_QNC_Emax,1.07495897305775
QCN7D,log_QNC_Emax,1.07495897305775
QCN7D,log_QNC_Emax,1.07495897305775
QCN7D,log_QNC_Emax,1.07495897305775
QCN7D,log_QNC_Emax,1.07495897305775
QCN7D,log_QNC_Emax,1.01121737602342
QCN7D,log_QNC_Emax,1.01121737602342
QCN7D,log_QNC_Emax,1.01121737602342
QCN7D,log_QNC_Emax,1.01121737602342
QCN7D,log_QNC_Emax,1.01121737602342
QCN7D,log_QNC_Emax,1.01121737602342
QCN7D,log_QNC_Emax,1.00241968099652
QCN7D,log_QNC_Emax,1.16816285326222
QCN7D,log_QNC_Emax,1.16816285326222
QCN7D,log_QNC_Emax,1.12957959719029
QCN7D,log_QNC_Emax,0.89249268630144
QCN7D,log_QNC_Emax,0.89249268630144
QCN7D,log_QNC_Emax,0.89249268630144
QCN7D,log_QNC_Emax,0.89249268630144
QCN7D,log_QNC_Emax,0.89249268630144
QCN7D,log_QNC_Emax,0.89249268630144
QCN7D,log_QNC_Emax,0.913830061346591
QCN7D,log_QNC_Emax,0.913830061346591
QCN7D,log_QNC_Emax,0.913830061346591
QCN7D,log_QNC_Emax,0.913830061346591
QCN7D,log_QNC_Emax,0.913830061346591
QCN7D,log_QNC_Emax,0.937233634062244
QCN7D,log_QNC_Emax,0.937233634062244
QCN7D,log_QNC_Emax,0.937233634062244
QCN7D,log_QNC_Emax,0.937233634062244
QCN7D,log_QNC_Emax,0.937233634062244
QCN7D,log_QNC_Emax,0.937233634062244
QCN7D,log_QNC_Emax,0.937233634062244
QCN7D,log_QNC_Emax,0.937233634062244
QCN7D,log_QNC_Emax,0.845853595948989
QCN7D,log_QNC_Emax,0.845853595948989
QCN7D,log_QNC_Emax,0.845853595948989
QCN7D,log_QNC_Emax,0.845853595948989
QCN7D,log_QNC_Emax,0.845853595948989
QCN7D,log_QNC_Emax,0.845853595948989
QCN7D,log_QNC_Emax,0.845853595948989
QCN7D,log_QNC_Emax,0.845853595948989
QCN7D,log_QNC_Emax,0.881455147461465
QCN7D,log_QNC_Emax,0.996317687494444
QCN7D,log_QNC_Emax,0.996317687494444
QCN7D,log_QNC_Emax,0.996317687494444
QCN7D,log_QNC_Emax,0.996317687494444
QCN7D,log_QNC_Emax,1.03537360618348
QCN7D,log_QNC_Emax,1.0008142416091
QCN7D,log_QNC_Emax,1.07646625631804
QCN7D,log_QNC_Emax,0.930285036971158
QCN7D,log_QNC_Emax,0.957808240772554
QCN7D,log_QNC_Emax,0.957808240772554
QCN7D,log_QNC_Emax,1.21588013357115
QCN7D,log_QNC_Emax,1.20102269454416
QCN7D,log_QNC_Emax,1.20102269454416
QCN7D,log_QNC_Emax,1.20102269454416
QCN7D,log_QNC_Emax,1.14459633101672
QCN7D,log_QNC_Emax,1.14459633101672
QCN7D,log_QNC_Emax,1.139846588333
QCN7D,log_QNC_Emax,1.06781812357447
QCN7D,log_QNC_Emax,1.06781812357447
QCN7D,log_QNC_Emax,1.06697977026376
QCN7D,log_QNC_Emax,1.0528049135696
QCN7D,log_QNC_Emax,1.0528049135696
QCN7D,log_QNC_Emax,1.0528049135696
QCN7D,log_QNC_Emax,1.0528049135696
QCN7D,log_QNC_Emax,1.0528049135696
QCN7D,log_QNC_Emax,1.0528049135696
QCN7D,log_QNC_Emax,0.940188083148215
QCN7D,log_QNC_Emax,0.888078658710603
QCN7D,log_QNC_Emax,0.888078658710603
QCN7D,log_QNC_Emax,0.888078658710603
QCN7D,log_QNC_Emax,0.8653856058878
QCN7D,log_QNC_Emax,0.8653856058878
QCN7D,log_QNC_Emax,1.03348058439339
QCN7D,log_QNC_Emax,1.03348058439339
QCN7D,log_QNC_Emax,1.03348058439339
QCN7D,log_QNC_Emax,1.03348058439339
QCN7D,log_QNC_Emax,0.911790416675502
QCN7D,log_QNC_Emax,0.911790416675502
QCN7D,log_QNC_Emax,0.911790416675502
QCN7D,log_QNC_Emax,0.911790416675502
QCN7D,log_QNC_Emax,0.911790416675502
QCN7D,log_QNC_Emax,0.911790416675502
QCN7D,log_QNC_Emax,0.911790416675502
QCN7D,log_QNC_Emax,0.978677480017341
QCN7D,log_QNC_Emax,0.978677480017341
QCN7D,log_QNC_Emax,0.932785665222852
QCN7D,log_QNC_Emax,1.00545062466556
QCN7D,log_QNC_Emax,1.00545062466556
QCN7D,log_QNC_Emax,1.00545062466556
QCN7D,log_QNC_Emax,1.0020562020223
QCN7D,log_QNC_Emax,1.0020562020223
QCN7D,log_QNC_Emax,1.0020562020223
QCN7D,log_QNC_Emax,0.962540777583373
QCN7D,log_QNC_Emax,1.14700653818043
QCN7D,log_QNC_Emax,1.26479987048385
QCN7D,log_QNC_Emax,1.20449918145543
QCN7D,log_QNC_Emax,1.20449918145543
QCN7D,log_QNC_Emax,1.20449918145543
QCN7D,log_QNC_Emax,1.20449918145543
QCN7D,log_QNC_Emax,1.00062079947789
QCN7D,log_QNC_Emax,1.3416623182933
QCN7D,log_QNC_Emax,1.3416623182933
QCN7D,log_QNC_Emax,1.07605602569947
QCN7D,log_QNC_Emax,1.07605602569947
QCN7D,log_QNC_Emax,1.07605602569947
QCN7D,log_QNC_Emax,1.07605602569947
QCN7D,log_QNC_Emax,1.0795318214877
QCN7D,log_QNC_Emax,1.0795318214877
QCN7D,log_QNC_Emax,1.0795318214877
QCN7D,log_QNC_Emax,1.0795318214877
QCN7D,log_QNC_Emax,1.05276389162449
QCN7D,log_QNC_Emax,0.970672858655564
QCN7D,log_QNC_Emax,1.07366356660228
QCN7D,log_QNC_Emax,1.07366356660228
QCN7D,log_QNC_Emax,1.07366356660228
QCN7D,log_QNC_Emax,1.07366356660228
QCN7D,log_QNC_Emax,1.07366356660228
QCN7D,log_QNC_Emax,1.07366356660228
QCN7D,log_QNC_Emax,1.04788490132543
QCN7D,log_QNC_Emax,1.10670706083391
QCN7D,log_QNC_Emax,1.10670706083391
QCN7D,log_QNC_Emax,1.18215016419475
QCN7D,log_QNC_Emax,1.18215016419475
QCN7D,log_QNC_Emax,1.18215016419475
QCN7D,log_QNC_Emax,1.18215016419475
QCN7D,log_QNC_Emax,1.18215016419475
QCN7D,log_QNC_Emax,1.00367841655406
QCN7D,log_QNC_Emax,0.983216938353508
QCN7D,log_QNC_Emax,0.983216938353508
QCN7D,log_QNC_Emax,0.983216938353508
QCN7D,log_QNC_Emax,1.0053759802758
QCN7D,log_QNC_Emax,0.952660809398739
QCN7D,log_QNC_Emax,0.952660809398739
QCN7D,log_QNC_Emax,0.952660809398739
QCN7D,log_QNC_Emax,0.952660809398739
QCN7D,log_QNC_Emax,0.952660809398739
QCN7D,log_QNC_Emax,0.952660809398739
QCN7D,log_QNC_Emax,0.952660809398739
QCN7D,log_QNC_Emax,0.952660809398739
QCN7D,log_QNC_Emax,0.952660809398739
QCN7D,log_QNC_Emax,0.952660809398739
QCN7D,log_QNC_Emax,0.952660809398739
QCN7D,log_QNC_Emax,0.952660809398739
QCN7D,log_QNC_Emax,0.952660809398739
QCN7D,log_QNC_Emax,0.952660809398739
QCN7D,log_QNC_Emax,0.952660809398739
QCN7D,log_QNC_Emax,0.952660809398739
QCN7D,log_QNC_Emax,1.00061837301181
QCN7D,log_QNC_Emax,1.00061837301181
QCN7D,log_QNC_Emax,1.00061837301181
QCN7D,log_QNC_Emax,1.00061837301181
QCN7D,log_QNC_Emax,1.00061837301181
QCN7D,log_QNC_Emax,1.00061837301181
QCN7D,log_QNC_Emax,1.00061837301181
QCN7D,log_QNC_Emax,1.00061837301181
QCN7D,log_QNC_Emax,1.00061837301181
QCN7D,log_QNC_Emax,1.00061837301181
QCN7D,log_QNC_Emax,1.00061837301181
QCN7D,log_QNC_Emax,1.16789606515617
QCN7D,log_QNC_Emax,1.16789606515617
QCN7D,log_QNC_Emax,1.16789606515617
QCN7D,log_QNC_Emax,0.893754967323471
QCN7D,log_QNC_Emax,0.893754967323471
QCN7D,log_QNC_Emax,0.893754967323471
QCN7D,log_QNC_Emax,0.899492685762808
QCN7D,log_QNC_Emax,0.899492685762808
QCN7D,log_QNC_Emax,1.06015961112474
QCN7D,log_QNC_Emax,1.06015961112474
QCN7D,log_QNC_Emax,0.885335637797865
QCN7D,log_QNC_Emax,0.885335637797865
QCN7D,log_QNC_Emax,1.01103065473839
QCN7D,log_QNC_Emax,1.01103065473839
QCN7D,log_QNC_Emax,0.919289997332798
QCN7D,log_QNC_Emax,0.919289997332798
QCN7D,log_QNC_Emax,0.883724836644486
QCN7D,log_QNC_Emax,0.883724836644486
QCN7D,log_QNC_Emax,0.883724836644486
QCN7D,log_QNC_Emax,0.883724836644486
QCN7D,log_QNC_Emax,0.883724836644486
QCN7D,log_QNC_Emax,0.883724836644486
QCN7D,log_QNC_Emax,0.883724836644486
QCN7D,log_QNC_Emax,0.883724836644486
QCN7D,log_QNC_Emax,0.883724836644486
QCN7D,log_QNC_Emax,0.883724836644486
QCN7D,log_QNC_Emax,0.883724836644486
QCN7D,log_QNC_Emax,0.883724836644486
QCN7D,log_QNC_Emax,0.892914465690061
QCN7D,log_QNC_Emax,0.892914465690061
QCN7D,log_QNC_Emax,0.892914465690061
QCN7D,log_QNC_Emax,0.892914465690061
QCN7D,log_QNC_Emax,0.892914465690061
QCN7D,log_QNC_Emax,0.853204626322783
QCN7D,log_QNC_Emax,0.853204626322783
QCN7D,log_QNC_Emax,0.853204626322783
QCN7D,log_QNC_Emax,0.853204626322783
QCN7D,log_QNC_Emax,0.893898639354325
QCN7D,log_QNC_Emax,0.742430900688806
QCN7D,log_QNC_Emax,0.850858513782537
QCN7D,log_QNC_Emax,0.850858513782537
QCN7D,log_QNC_Emax,0.79287762587123
QCN7D,log_QNC_Emax,0.79287762587123
QCN7D,log_QNC_Emax,0.79287762587123
QCN7D,log_QNC_Emax,0.79287762587123
QCN7D,log_QNC_Emax,0.79287762587123
QCN7D,log_QNC_Emax,0.79287762587123
QCN7D,log_QNC_Emax,0.79287762587123
QCN7D,log_QNC_Emax,0.79287762587123
QCN7D,log_QNC_Emax,0.79287762587123
QCN7D,log_QNC_Emax,0.79287762587123
QCN7D,log_QNC_Emax,0.79287762587123
QCN7D,log_QNC_Emax,0.941708349908963
QCN7D,log_QNC_Emax,0.930265364145458
QCN7D,log_QNC_Emax,0.930265364145458
QCN7D,log_QNC_Emax,0.930265364145458
QCN7D,log_QNC_Emax,0.930265364145458
QCN7D,log_QNC_Emax,0.769518360775897
QCN7D,log_QNC_Emax,0.769518360775897
QCN7D,log_QNC_Emax,0.769518360775897
QCN7D,log_QNC_Emax,0.769518360775897
QCN7D,log_QNC_Emax,0.769518360775897
QCN7D,log_QNC_Emax,0.769518360775897
QCN7D,log_QNC_Emax,0.769518360775897
QCN7D,log_QNC_Emax,0.74966589716027
QCN7D,log_QNC_Emax,0.74966589716027
QCN7D,log_QNC_Emax,0.74966589716027
QCN7D,log_QNC_Emax,0.74966589716027
QCN7D,log_QNC_Emax,0.82502119529002
QCN7D,log_QNC_Emax,0.82502119529002
QCN7D,log_QNC_Emax,0.82502119529002
QCN7D,log_QNC_Emax,0.883142724155232
QCN7D,log_QNC_Emax,0.883142724155232
QCN7D,log_QNC_Emax,0.758471777738455
QCN7D,log_QNC_Emax,0.641695111266858
QCN7D,log_QNC_Emax,0.727978622375498
QCN7D,log_QNC_Emax,0.727978622375498
QCN7D,log_QNC_Emax,0.897488846982351
QCN7D,log_QNC_Emax,0.837345169138233
QCN7D,log_QNC_Emax,0.75702560834982
QCN7D,log_QNC_Emax,0.75702560834982
QCN7D,log_QNC_Emax,0.75702560834982
QCN7D,log_QNC_Emax,0.75702560834982
QCN7D,log_QNC_Emax,0.75702560834982
QCN7D,log_QNC_Emax,0.741748857924293
QCN7D,log_QNC_Emax,0.741748857924293
QCN7D,log_QNC_Emax,0.762756795278507
QCN7D,log_QNC_Emax,0.843898105859723
QCN7D,log_QNC_Emax,0.843898105859723
QCN7D,log_QNC_Emax,0.843898105859723
QCN7D,log_QNC_Emax,0.816932485503546
QCN7D,log_QNC_Emax,0.816932485503546
QCN7D,log_QNC_Emax,0.816932485503546
QCN7D,log_QNC_Emax,0.816932485503546
QCN7D,log_QNC_Emax,0.816932485503546
QCN7D,log_QNC_Emax,0.816932485503546
QCN7D,log_QNC_Emax,0.816932485503546
QCN7D,log_QNC_Emax,0.816932485503546
QCN7D,log_QNC_Emax,0.816932485503546
QCN7D,log_QNC_Emax,0.816932485503546
QCN7D,log_QNC_Emax,0.816932485503546
QCN7D,log_QNC_Emax,0.816932485503546
QCN7D,log_QNC_Emax,0.816932485503546
QCN7D,log_QNC_Emax,0.816932485503546
QCN7D,log_QNC_Emax,0.816932485503546
QCN7D,log_QNC_Emax,0.816932485503546
QCN7D,log_QNC_Emax,0.876028865740891
QCN7D,log_QNC_Emax,0.876028865740891
QCN7D,log_QNC_Emax,0.876028865740891
QCN7D,log_QNC_Emax,0.812870069756831
QCN7D,log_QNC_Emax,0.956365078614298
QCN7D,log_QNC_Emax,0.956365078614298
QCN7D,log_QNC_Emax,0.878270647875585
QCN7D,log_QNC_Emax,0.878270647875585
QCN7D,log_QNC_Emax,0.878270647875585
QCN7D,log_QNC_Emax,0.878270647875585
QCN7D,log_QNC_Emax,0.920592155601964
QCN7D,log_QNC_Emax,0.920592155601964
QCN7D,log_QNC_Emax,0.978167144285968
QCN7D,log_QNC_Emax,1.02754348848149
QCN7D,log_QNC_Emax,1.02754348848149
QCN7D,log_QNC_Emax,1.02754348848149
QCN7D,log_QNC_Emax,0.792249058105865
QCN7D,log_QNC_Emax,0.897013104336221
QCN7D,log_QNC_Emax,0.897013104336221
QCN7D,log_QNC_Emax,0.897013104336221
QCN7D,log_QNC_Emax,0.897013104336221
QCN7D,log_QNC_Emax,0.984320410245902
QCN7D,log_QNC_Emax,0.984320410245902
QCN7D,log_QNC_Emax,0.972882037709033
QCN7D,log_QNC_Emax,0.972882037709033
QCN7D,log_QNC_Emax,0.972882037709033
QCN7D,log_QNC_Emax,0.972882037709033
QCN7D,log_QNC_Emax,0.972882037709033
QCN7D,log_QNC_Emax,1.14438300745556
QCN7D,log_QNC_Emax,1.04766744991191
QCN7D,log_QNC_Emax,1.2654925893509
QCN7D,log_QNC_Emax,1.2654925893509
QCN7D,log_QNC_Emax,1.2654925893509
QCN7D,log_QNC_Emax,1.2654925893509
QCN7D,log_QNC_Emax,1.2654925893509
QCN7D,log_QNC_Emax,1.21180797292543
QCN7D,log_QNC_Emax,0.924112491646511
QCN7D,log_QNC_Emax,0.960770433751931
QCN7D,log_QNC_Emax,0.960770433751931
QCN7D,log_QNC_Emax,0.960770433751931
QCN7D,log_QNC_Emax,0.960770433751931
QCN7D,log_QNC_Emax,0.960770433751931
QCN7D,log_QNC_Emax,0.960770433751931
QCN7D,log_QNC_Emax,0.960770433751931
QCN7D,log_QNC_Emax,1.10472516689669
QCN7D,log_QNC_Emax,1.05735180654192
QCN7D,log_QNC_Emax,1.05735180654192
QCN7D,log_QNC_Emax,1.05735180654192
QCN7D,log_QNC_Emax,1.08270824289699
QCN7D,log_QNC_Emax,1.01111783712967
QCN7D,log_QNC_Emax,1.01111783712967
QCN7D,log_QNC_Emax,1.01111783712967
QCN7D,log_QNC_Emax,1.01111783712967
QCN7D,log_QNC_Emax,1.01111783712967
QCN7D,log_QNC_Emax,1.01111783712967
QCN7D,log_QNC_Emax,1.01111783712967
QCN7D,log_QNC_Emax,1.01111783712967
QCN7D,log_QNC_Emax,0.96871639115786
QCN7D,log_QNC_Emax,0.96871639115786
QCN7D,log_QNC_Emax,0.968780291726232
QCN7D,log_QNC_Emax,0.968780291726232
QCN7D,log_QNC_Emax,0.968780291726232
QCN7D,log_QNC_Emax,0.968780291726232
QCN7D,log_QNC_Emax,0.968780291726232
QCN7D,log_QNC_Emax,1.04575779635333
QCN7D,log_QNC_Emax,1.04575779635333
QCN7D,log_QNC_Emax,1.04575779635333
QCN7D,log_QNC_Emax,1.17701775406832
QCN7D,log_QNC_Emax,1.1470095263881
QCN7D,log_QNC_Emax,1.18068103804014
QCN7D,log_QNC_Emax,0.92513796429252
QCN7D,log_QNC_Emax,0.894129801787627
QCN7D,log_QNC_Emax,0.894129801787627
QCN7D,log_QNC_Emax,0.888772528510554
QCN7D,log_QNC_Emax,0.907273362330821
QCN7D,log_QNC_Emax,1.09033400807105
QCN7D,log_QNC_Emax,1.05880613895382
QCN7D,log_QNC_Emax,1.05880613895382
QCN7D,log_QNC_Emax,1.05880613895382
QCN7D,log_QNC_Emax,0.97459792959795
QCN7D,log_QNC_Emax,0.97459792959795
QCN7D,log_QNC_Emax,0.97459792959795
QCN7D,log_QNC_Emax,0.97459792959795
QCN7D,log_QNC_Emax,0.97459792959795
QCN7D,log_QNC_Emax,0.97459792959795
QCN7D,log_QNC_Emax,0.97459792959795
QCN7D,log_QNC_Emax,0.97459792959795
QCN7D,log_QNC_Emax,1.13203970319739
QCN7D,log_QNC_Emax,1.0469952508857
QCN7D,log_QNC_Emax,1.0469952508857
QCN7D,log_QNC_Emax,0.842603926845867
QCN7D,log_QNC_Emax,0.837871508026593
QCN7D,log_QNC_Emax,0.837871508026593
QCN7D,log_QNC_Emax,0.837871508026593
QCN7D,log_QNC_Emax,0.930862188117304
QCN7D,log_QNC_Emax,0.930862188117304
QCN7D,log_QNC_Emax,0.930862188117304
QCN7D,log_QNC_Emax,0.930862188117304
QCN7D,log_QNC_Emax,0.930862188117304
QCN7D,log_QNC_Emax,0.998051319656801
QCN7D,log_QNC_Emax,0.947114389916403
QCN7D,log_QNC_Emax,0.947114389916403
QCN7D,log_QNC_Emax,0.992393823855095
QCN7D,log_QNC_Emax,0.992393823855095
QCN7D,log_QNC_Emax,0.992393823855095
QCN7D,log_QNC_Emax,0.922497340477861
QCN7D,log_QNC_Emax,0.922497340477861
QCN7D,log_QNC_Emax,0.922497340477861
QCN7D,log_QNC_Emax,0.942976341107609
QCN7D,log_QNC_Emax,0.942976341107609
QCN7D,log_QNC_Emax,0.942976341107609
QCN7D,log_QNC_Emax,0.942976341107609
QCN7D,log_QNC_Emax,0.942976341107609
QCN7D,log_QNC_Emax,0.942976341107609
QCN7D,log_QNC_Emax,0.942976341107609
QCN7D,log_QNC_Emax,0.942976341107609
QCN7D,log_QNC_Emax,0.942976341107609
QCN7D,log_QNC_Emax,0.9743296675372
QCN7D,log_QNC_Emax,0.9743296675372
QCN7D,log_QNC_Emax,0.9743296675372
QCN7D,log_QNC_Emax,0.852138490750952
QCN7D,log_QNC_Emax,0.852138490750952
QCN7D,log_QNC_Emax,0.826996886463331
QCN7D,log_QNC_Emax,0.826996886463331
QCN7D,log_QNC_Emax,0.826996886463331
QCN7D,log_QNC_Emax,0.931959168781015
QCN7D,log_QNC_Emax,0.931959168781015
QCN7D,log_QNC_Emax,0.931959168781015
QCN7D,log_QNC_Emax,0.936986124135334
QCN7D,log_QNC_Emax,0.936986124135334
QCN7D,log_QNC_Emax,0.894387238096181
QCN7D,log_QNC_Emax,0.87762530324853
QCN7D,log_QNC_Emax,0.87762530324853
QCN7D,log_QNC_Emax,0.900210531050812
QCN7D,log_QNC_Emax,1.03142405897586
QCN7D,log_QNC_Emax,1.03142405897586
QCN7D,log_QNC_Emax,1.03142405897586
QCN7D,log_QNC_Emax,1.03142405897586
QCN7D,log_QNC_Emax,1.03142405897586
QCN7D,log_QNC_Emax,1.06525839388065
QCN7D,log_QNC_Emax,1.21832457272324
QCN7D,log_QNC_Emax,1.09770042763259
QCN7D,log_QNC_Emax,1.09770042763259
QCN7D,log_QNC_Emax,1.09770042763259
QCN7D,log_QNC_Emax,1.16474119727794
QCN7D,log_QNC_Emax,1.30551689463488
QCN7D,log_QNC_Emax,1.30551689463488
QCN7D,log_QNC_Emax,1.30551689463488
QCN7D,log_QNC_Emax,1.30551689463488
QCN7D,log_QNC_Emax,1.30551689463488
QCN7D,log_QNC_Emax,1.30551689463488
QCN7D,log_QNC_Emax,1.30551689463488
QCN7D,log_QNC_Emax,1.13969586942372
QCN7D,log_QNC_Emax,1.10370618647115
QCN7D,log_QNC_Emax,1.10370618647115
QCN7D,log_QNC_Emax,1.10370618647115
QCN7D,log_QNC_Emax,1.02200580810461
QCN7D,log_QNC_Emax,1.02200580810461
QCN7D,log_QNC_Emax,0.974044710379908
QCN7D,log_QNC_Emax,0.930498471448711
QCN7D,log_QNC_Emax,1.0684601112298
QCN7D,log_QNC_Emax,1.0684601112298
QCN7D,log_QNC_Emax,1.19202611103431
QCN7D,log_QNC_Emax,1.19202611103431
QCN7D,log_QNC_Emax,1.20595845763373
QCN7D,log_QNC_Emax,1.20595845763373
QCN7D,log_QNC_Emax,1.20595845763373
QCN7D,log_QNC_Emax,1.23018512266251
QCN7D,log_QNC_Emax,1.23018512266251
QCN7D,log_QNC_Emax,1.15476420353193
QCN7D,log_QNC_Emax,1.15476420353193
QCN7D,log_QNC_Emax,1.31963915175444
QCN7D,log_QNC_Emax,1.31963915175444
QCN7D,log_QNC_Emax,1.31963915175444
QCN7D,log_QNC_Emax,1.31963915175444
QCN7D,log_QNC_Emax,1.31963915175444
QCN7D,log_QNC_Emax,1.31963915175444
QCN7D,log_QNC_Emax,1.31963915175444
QCN7D,log_QNC_Emax,1.31963915175444
QCN7D,log_QNC_Emax,1.10956246534035
QCN7D,log_QNC_Emax,1.10956246534035
QCN7D,log_QNC_Emax,1.22155160743313
QCN7D,log_QNC_Emax,1.22155160743313
QCN7D,log_QNC_Emax,1.22155160743313
QCN7D,log_QNC_Emax,1.22155160743313
QCN7D,log_QNC_Emax,1.22155160743313
QCN7D,log_QNC_Emax,1.21114898482204
QCN7D,log_QNC_Emax,1.21114898482204
QCN7D,log_QNC_Emax,1.21114898482204
QCN7D,log_QNC_Emax,1.21114898482204
QCN7D,log_QNC_Emax,1.21114898482204
QCN7D,log_QNC_Emax,1.21114898482204
QCN7D,log_QNC_Emax,1.21114898482204
QCN7D,log_QNC_Emax,1.21114898482204
QCN7D,log_QNC_Emax,1.21114898482204
QCN7D,log_QNC_Emax,1.21114898482204
QCN7D,log_QNC_Emax,1.21114898482204
QCN7D,log_QNC_Emax,1.21114898482204
QCN7D,log_QNC_Emax,1.21114898482204
QCN7D,log_QNC_Emax,1.21114898482204
QCN7D,log_QNC_Emax,1.21114898482204
QCN7D,log_QNC_Emax,1.21114898482204
QCN7D,log_QNC_Emax,1.21114898482204
QCN7D,log_QNC_Emax,1.1898426906992
QCN7D,log_QNC_Emax,1.1898426906992
QCN7D,log_QNC_Emax,1.06761338664944
QCN7D,log_QNC_Emax,1.06761338664944
QCN7D,log_QNC_Emax,1.06761338664944
QCN7D,log_QNC_Emax,1.06761338664944
QCN7D,log_QNC_Emax,1.06761338664944
QCN7D,log_QNC_Emax,1.06761338664944
QCN7D,log_QNC_Emax,1.06761338664944
QCN7D,log_QNC_Emax,1.16811908539722
QCN7D,log_QNC_Emax,1.16811908539722
QCN7D,log_QNC_Emax,1.17422854168041
QCN7D,log_QNC_Emax,1.1515937062608
QCN7D,log_QNC_Emax,0.902239149505833
QCN7D,log_QNC_Emax,0.902239149505833
QCN7D,log_QNC_Emax,0.902239149505833
QCN7D,log_QNC_Emax,0.829878249292161
QCN7D,log_QNC_Emax,0.829878249292161
QCN7D,log_QNC_Emax,0.829878249292161
QCN7D,log_QNC_Emax,0.829878249292161
QCN7D,log_QNC_Emax,0.829878249292161
QCN7D,log_QNC_Emax,0.829878249292161
QCN7D,log_QNC_Emax,0.829878249292161
QCN7D,log_QNC_Emax,1.01771132843235
QCN7D,log_QNC_Emax,0.912250988939466
QCN7D,log_QNC_Emax,0.912250988939466
QCN7D,log_QNC_Emax,0.890922716617307
QCN7D,log_QNC_Emax,0.890922716617307
QCN7D,log_QNC_Emax,0.90360426184109
QCN7D,log_QNC_Emax,0.947123656338615
QCN7D,log_QNC_Emax,0.947123656338615
QCN7D,log_QNC_Emax,0.899955323095234
QCN7D,log_QNC_Emax,0.899955323095234
QCN7D,log_QNC_Emax,0.899955323095234
QCN7D,log_QNC_Emax,0.961910017246355
QCN7D,log_QNC_Emax,0.715206427165774
QCN7D,log_QNC_Emax,0.802667710435103
QCN7D,log_QNC_Emax,0.802667710435103
QCN7D,log_QNC_Emax,0.802667710435103
QCN7D,log_QNC_Emax,0.802667710435103
QCN7D,log_QNC_Emax,0.802667710435103
QCN7D,log_QNC_Emax,0.802667710435103
QCN7D,log_QNC_Emax,0.812228727020554
QCN7D,log_QNC_Emax,0.812228727020554
QCN7D,log_QNC_Emax,0.842937250516469
QCN7D,log_QNC_Emax,0.842937250516469
QCN7D,log_QNC_Emax,0.842937250516469
QCN7D,log_QNC_Emax,0.842937250516469
QCN7D,log_QNC_Emax,0.842937250516469
QCN7D,log_QNC_Emax,0.781366681120118
QCN7D,log_QNC_Emax,0.781366681120118
QCN7D,log_QNC_Emax,0.781366681120118
QCN7D,log_QNC_Emax,0.781366681120118
QCN7D,log_QNC_Emax,0.781366681120118
QCN7D,log_QNC_Emax,0.781366681120118
QCN7D,log_QNC_Emax,0.828222066819593
QCN7D,log_QNC_Emax,0.839968904204056
QCN7D,log_QNC_Emax,0.728208739407618
QCN7D,log_QNC_Emax,0.706470955526362
QCN7D,log_QNC_Emax,0.729810977027294
QCN7D,log_QNC_Emax,0.729810977027294
QCN7D,log_QNC_Emax,0.729810977027294
QCN7D,log_QNC_Emax,0.751714909705567
QCN7D,log_QNC_Emax,0.751714909705567
QCN7D,log_QNC_Emax,0.751714909705567
QCN7D,log_QNC_Emax,0.701725610535048
QCN7D,log_QNC_Emax,0.701725610535048
QCN7D,log_QNC_Emax,0.701725610535048
QCN7D,log_QNC_Emax,0.701725610535048
QCN7D,log_QNC_Emax,0.772302266421331
QCN7D,log_QNC_Emax,0.772302266421331
QCN7D,log_QNC_Emax,0.772302266421331
QCN7D,log_QNC_Emax,0.772302266421331
QCN7D,log_QNC_Emax,0.772302266421331
QCN7D,log_QNC_Emax,0.884125713065104
QCN7D,log_QNC_Emax,0.860576165191687
QCN7D,log_QNC_Emax,0.860576165191687
QCN7D,log_QNC_Emax,0.81865225951749
QCN7D,log_QNC_Emax,0.81865225951749
QCN7D,log_QNC_Emax,0.81865225951749
QCN7D,log_QNC_Emax,0.81865225951749
QCN7D,log_QNC_Emax,0.81865225951749
QCN7D,log_QNC_Emax,0.81865225951749
QCN7D,log_QNC_Emax,0.81865225951749
QCN7D,log_QNC_Emax,0.770574159234959
QCN7D,log_QNC_Emax,0.770574159234959
QCN7D,log_QNC_Emax,0.770574159234959
QCN7D,log_QNC_Emax,0.770574159234959
QCN7D,log_QNC_Emax,0.770574159234959
QCN7D,log_QNC_Emax,0.770574159234959
QCN7D,log_QNC_Emax,0.802881179079983
QCN7D,log_QNC_Emax,0.802881179079983
QCN7D,log_QNC_Emax,0.802881179079983
QCN7D,log_QNC_Emax,0.802881179079983
QCN7D,log_QNC_Emax,0.802881179079983
QCN7D,log_QNC_Emax,0.802881179079983
QCN7D,log_QNC_Emax,0.802881179079983
QCN7D,log_QNC_Emax,0.802881179079983
QCN7D,log_QNC_Emax,0.720028677775645
QCN7D,log_QNC_Emax,0.761316992740142
QCN7D,log_QNC_Emax,0.761316992740142
QCN7D,log_QNC_Emax,0.914335408003763
QCN7D,log_QNC_Emax,0.745114458577798
QCN7D,log_QNC_Emax,0.745114458577798
QCN7D,log_QNC_Emax,0.745114458577798
QCN7D,log_QNC_Emax,0.745114458577798
QCN7D,log_QNC_Emax,0.745114458577798
QCN7D,log_QNC_Emax,0.745114458577798
QCN7D,log_QNC_Emax,0.745114458577798
QCN7D,log_QNC_Emax,0.783571496523013
QCN7D,log_QNC_Emax,0.815893845083639
QCN7D,log_QNC_Emax,0.815893845083639
QCN7D,log_QNC_Emax,0.815893845083639
QCN7D,log_QNC_Emax,0.815893845083639
QCN7D,log_QNC_Emax,0.909105021527159
QCN7D,log_QNC_Emax,0.909105021527159
QCN7D,log_QNC_Emax,0.909105021527159
QCN7D,log_QNC_Emax,0.909105021527159
QCN7D,log_QNC_Emax,0.909105021527159
QCN7D,log_QNC_Emax,0.9551451379723
QCN7D,log_QNC_Emax,0.9551451379723
QCN7D,log_QNC_Emax,0.9551451379723
QCN7D,log_QNC_Emax,0.9551451379723
QCN7D,log_QNC_Emax,0.97732149418739
QCN7D,log_QNC_Emax,1.09469776744741
QCN7D,log_QNC_Emax,0.981475926310493
QCN7D,log_QNC_Emax,0.981475926310493
QCN7D,log_QNC_Emax,0.981475926310493
QCN7D,log_QNC_Emax,1.21932488418323
QCN7D,log_QNC_Emax,1.13861471790644
QCN7D,log_QNC_Emax,1.13861471790644
QCN7D,log_QNC_Emax,1.13861471790644
QCN7D,log_QNC_Emax,1.03306682234268
QCN7D,log_QNC_Emax,1.03954313795411
QCN7D,log_QNC_Emax,1.01954637435114
QCN7D,log_QNC_Emax,1.03487796585645
QCN7D,log_QNC_Emax,0.982692762443852
QCN7D,log_QNC_Emax,0.982692762443852
QCN7D,log_QNC_Emax,0.982692762443852
QCN7D,log_QNC_Emax,0.982692762443852
QCN7D,log_QNC_Emax,0.982692762443852
QCN7D,log_QNC_Emax,0.982692762443852
QCN7D,log_QNC_Emax,0.982692762443852
QCN7D,log_QNC_Emax,0.982692762443852
QCN7D,log_QNC_Emax,0.982692762443852
QCN7D,log_QNC_Emax,0.982692762443852
QCN7D,log_QNC_Emax,0.982692762443852
QCN7D,log_QNC_Emax,0.982692762443852
QCN7D,log_QNC_Emax,0.982692762443852
QCN7D,log_QNC_Emax,0.982692762443852
QCN7D,log_QNC_Emax,0.982692762443852
QCN7D,log_QNC_Emax,0.871720369716229
QCN7D,log_QNC_Emax,0.871720369716229
QCN7D,log_QNC_Emax,0.939160394041501
QCN7D,log_QNC_Emax,0.939160394041501
QCN7D,log_QNC_Emax,0.939160394041501
QCN7D,log_QNC_Emax,0.939160394041501
QCN7D,log_QNC_Emax,0.939160394041501
QCN7D,log_QNC_Emax,0.939160394041501
QCN7D,log_QNC_Emax,0.939160394041501
QCN7D,log_QNC_Emax,0.939160394041501
QCN7D,log_QNC_Emax,0.927327136327589
QCN7D,log_QNC_Emax,0.927327136327589
QCN7D,log_QNC_Emax,0.927327136327589
QCN7D,log_QNC_Emax,0.927327136327589
QCN7D,log_QNC_Emax,0.852772880290093
QCN7D,log_QNC_Emax,0.852772880290093
QCN7D,log_QNC_Emax,0.918481141642776
QCN7D,log_QNC_Emax,0.918481141642776
QCN7D,log_QNC_Emax,1.08106270900886
QCN7D,log_QNC_Emax,1.05498076114724
QCN7D,log_QNC_Emax,1.05285111468065
QCN7D,log_QNC_Emax,1.05285111468065
QCN7D,log_QNC_Emax,1.05285111468065
QCN7D,log_QNC_Emax,1.05285111468065
QCN7D,log_QNC_Emax,1.05285111468065
QCN7D,log_QNC_Emax,1.05285111468065
QCN7D,log_QNC_Emax,1.05285111468065
QCN7D,log_QNC_Emax,0.926029558010428
QCN7D,log_QNC_Emax,0.974721613266267
QCN7D,log_QNC_Emax,0.974721613266267
QCN7D,log_QNC_Emax,0.974721613266267
QCN7D,log_QNC_Emax,0.832701267384771
QCN7D,log_QNC_Emax,0.728729865764322
QCN7D,log_QNC_Emax,0.763763201116294
QCN7D,log_QNC_Emax,1.0146200947889
QCN7D,log_QNC_Emax,1.0146200947889
QCN7D,log_QNC_Emax,1.0146200947889
QCN7D,log_QNC_Emax,0.867325350186842
QCN7D,log_QNC_Emax,0.867325350186842
QCN7D,log_QNC_Emax,0.867325350186842
QCN7D,log_QNC_Emax,0.867325350186842
QCN7D,log_QNC_Emax,0.867325350186842
QCN7D,log_QNC_Emax,0.932351462409906
QCN7D,log_QNC_Emax,0.932351462409906
QCN7D,log_QNC_Emax,0.808731137969453
QCN7D,log_QNC_Emax,0.808731137969453
QCN7D,log_QNC_Emax,0.877429861109443
QCN7D,log_QNC_Emax,0.877429861109443
QCN7D,log_QNC_Emax,0.792898179657214
QCN7D,log_QNC_Emax,0.856875507961335
QCN7D,log_QNC_Emax,0.856875507961335
QCN7D,log_QNC_Emax,0.873021438457054
QCN7D,log_QNC_Emax,0.873021438457054
QCN7D,log_QNC_Emax,0.873021438457054
QCN7D,log_QNC_Emax,0.873021438457054
QCN7D,log_QNC_Emax,0.873021438457054
QCN7D,log_QNC_Emax,0.873021438457054
QCN7D,log_QNC_Emax,0.873021438457054
QCN7D,log_QNC_Emax,0.873021438457054
QCN7D,log_QNC_Emax,0.873021438457054
QCN7D,log_QNC_Emax,0.873021438457054
QCN7D,log_QNC_Emax,0.873021438457054
QCN7D,log_QNC_Emax,0.873021438457054
QCN7D,log_QNC_Emax,0.873021438457054
QCN7D,log_QNC_Emax,0.947630495520865
QCN7D,log_QNC_Emax,0.947630495520865
QCN7D,log_QNC_Emax,0.947630495520865
QCN7D,log_QNC_Emax,0.947630495520865
QCN7D,log_QNC_Emax,0.847784068596159
QCN7D,log_QNC_Emax,0.851908605358752
QCN7D,log_QNC_Emax,0.832795775065525
QCN7D,log_QNC_Emax,0.768313467434812
QCN7D,log_QNC_Emax,0.768313467434812
QCN7D,log_QNC_Emax,0.768313467434812
QCN7D,log_QNC_Emax,0.768313467434812
QCN7D,log_QNC_Emax,0.968169444124078
QCN7D,log_QNC_Emax,0.968169444124078
QCN7D,log_QNC_Emax,0.898982374863817
QCN7D,log_QNC_Emax,0.836315492985856
QCN7D,log_QNC_Emax,0.836315492985856
QCN7D,log_QNC_Emax,0.836315492985856
QCN7D,log_QNC_Emax,0.836315492985856
QCN7D,log_QNC_Emax,1.16545051106872
QCN7D,log_QNC_MIC,1.35386350008916
QCN7D,log_QNC_MIC,0.914798006535958
QCN7D,log_QNC_MIC,0.914798006535958
QCN7D,log_QNC_MIC,0.67874952757033
QCN7D,log_QNC_MIC,0.67874952757033
QCN7D,log_QNC_MIC,0.67874952757033
QCN7D,log_QNC_MIC,0.67874952757033
QCN7D,log_QNC_MIC,0.67874952757033
QCN7D,log_QNC_MIC,0.67874952757033
QCN7D,log_QNC_MIC,0.645111686204235
QCN7D,log_QNC_MIC,0.498920392901328
QCN7D,log_QNC_MIC,0.498920392901328
QCN7D,log_QNC_MIC,0.498920392901328
QCN7D,log_QNC_MIC,0.498920392901328
QCN7D,log_QNC_MIC,0.457722311971707
QCN7D,log_QNC_MIC,0.457722311971707
QCN7D,log_QNC_MIC,0.457722311971707
QCN7D,log_QNC_MIC,0.457722311971707
QCN7D,log_QNC_MIC,0.457722311971707
QCN7D,log_QNC_MIC,0.457722311971707
QCN7D,log_QNC_MIC,0.387834255566542
QCN7D,log_QNC_MIC,0.387834255566542
QCN7D,log_QNC_MIC,0.387834255566542
QCN7D,log_QNC_MIC,0.337520815379555
QCN7D,log_QNC_MIC,0.337520815379555
QCN7D,log_QNC_MIC,0.337520815379555
QCN7D,log_QNC_MIC,0.337520815379555
QCN7D,log_QNC_MIC,0.337520815379555
QCN7D,log_QNC_MIC,0.337520815379555
QCN7D,log_QNC_MIC,0.337520815379555
QCN7D,log_QNC_MIC,0.337520815379555
QCN7D,log_QNC_MIC,0.337520815379555
QCN7D,log_QNC_MIC,0.337520815379555
QCN7D,log_QNC_MIC,0.337520815379555
QCN7D,log_QNC_MIC,0.337520815379555
QCN7D,log_QNC_MIC,0.337520815379555
QCN7D,log_QNC_MIC,0.337520815379555
QCN7D,log_QNC_MIC,0.337520815379555
QCN7D,log_QNC_MIC,0.337520815379555
QCN7D,log_QNC_MIC,0.337520815379555
QCN7D,log_QNC_MIC,0.337520815379555
QCN7D,log_QNC_MIC,0.337520815379555
QCN7D,log_QNC_MIC,0.337520815379555
QCN7D,log_QNC_MIC,0.337520815379555
QCN7D,log_QNC_MIC,0.355483407054026
QCN7D,log_QNC_MIC,0.305928697380065
QCN7D,log_QNC_MIC,0.305928697380065
QCN7D,log_QNC_MIC,0.316162344565892
QCN7D,log_QNC_MIC,0.316162344565892
QCN7D,log_QNC_MIC,0.316162344565892
QCN7D,log_QNC_MIC,0.355636347186708
QCN7D,log_QNC_MIC,0.355636347186708
QCN7D,log_QNC_MIC,0.274314277003437
QCN7D,log_QNC_MIC,0.274314277003437
QCN7D,log_QNC_MIC,0.274314277003437
QCN7D,log_QNC_MIC,0.274314277003437
QCN7D,log_QNC_MIC,0.295126657510099
QCN7D,log_QNC_MIC,0.296490270845187
QCN7D,log_QNC_MIC,0.242360443431714
QCN7D,log_QNC_MIC,0.242360443431714
QCN7D,log_QNC_MIC,0.242360443431714
QCN7D,log_QNC_MIC,0.242360443431714
QCN7D,log_QNC_MIC,0.217436846632785
QCN7D,log_QNC_MIC,0.247445740855275
QCN7D,log_QNC_MIC,0.271409747205313
QCN7D,log_QNC_MIC,0.303541856116489
QCN7D,log_QNC_MIC,0.381670188985166
QCN7D,log_QNC_MIC,0.48544520331892
QCN7D,log_QNC_MIC,0.48544520331892
QCN7D,log_QNC_MIC,0.519027225730324
QCN7D,log_QNC_MIC,0.519027225730324
QCN7D,log_QNC_MIC,0.519027225730324
QCN7D,log_QNC_MIC,0.519027225730324
QCN7D,log_QNC_MIC,0.519027225730324
QCN7D,log_QNC_MIC,0.519027225730324
QCN7D,log_QNC_MIC,0.519027225730324
QCN7D,log_QNC_MIC,0.519027225730324
QCN7D,log_QNC_MIC,0.484493442465643
QCN7D,log_QNC_MIC,0.484493442465643
QCN7D,log_QNC_MIC,0.503432146191418
QCN7D,log_QNC_MIC,0.503432146191418
QCN7D,log_QNC_MIC,0.604531291718732
QCN7D,log_QNC_MIC,0.604531291718732
QCN7D,log_QNC_MIC,0.604531291718732
QCN7D,log_QNC_MIC,0.604531291718732
QCN7D,log_QNC_MIC,0.604531291718732
QCN7D,log_QNC_MIC,0.60646855120042
QCN7D,log_QNC_MIC,0.60646855120042
QCN7D,log_QNC_MIC,0.675446648489655
QCN7D,log_QNC_MIC,0.675446648489655
QCN7D,log_QNC_MIC,0.502361315087278
QCN7D,log_QNC_MIC,0.502361315087278
QCN7D,log_QNC_MIC,0.502361315087278
QCN7D,log_QNC_MIC,0.502361315087278
QCN7D,log_QNC_MIC,0.502361315087278
QCN7D,log_QNC_MIC,0.502361315087278
QCN7D,log_QNC_MIC,0.502361315087278
QCN7D,log_QNC_MIC,0.502361315087278
QCN7D,log_QNC_MIC,0.502361315087278
QCN7D,log_QNC_MIC,0.514068745680963
QCN7D,log_QNC_MIC,0.396565968187737
QCN7D,log_QNC_MIC,0.561487748093715
QCN7D,log_QNC_MIC,0.561487748093715
QCN7D,log_QNC_MIC,0.49036366824957
QCN7D,log_QNC_MIC,0.49036366824957
QCN7D,log_QNC_MIC,0.49036366824957
QCN7D,log_QNC_MIC,0.49036366824957
QCN7D,log_QNC_MIC,0.49036366824957
QCN7D,log_QNC_MIC,0.49036366824957
QCN7D,log_QNC_MIC,0.49036366824957
QCN7D,log_QNC_MIC,0.49036366824957
QCN7D,log_QNC_MIC,0.557645641471576
QCN7D,log_QNC_MIC,0.582075425988844
QCN7D,log_QNC_MIC,0.788583927332252
QCN7D,log_QNC_MIC,0.788583927332252
QCN7D,log_QNC_MIC,0.601703822162012
QCN7D,log_QNC_MIC,0.601703822162012
QCN7D,log_QNC_MIC,0.967896943860624
QCN7D,log_QNC_MIC,0.967896943860624
QCN7D,log_QNC_MIC,0.967896943860624
QCN7D,log_QNC_MIC,0.967896943860624
QCN7D,log_QNC_MIC,0.967896943860624
QCN7D,log_QNC_MIC,0.967896943860624
QCN7D,log_QNC_MIC,0.967896943860624
QCN7D,log_QNC_MIC,0.967896943860624
QCN7D,log_QNC_MIC,0.913437594137479
QCN7D,log_QNC_MIC,1.21066193432578
QCN7D,log_QNC_MIC,1.21066193432578
QCN7D,log_QNC_MIC,1.21066193432578
QCN7D,log_QNC_MIC,1.21066193432578
QCN7D,log_QNC_MIC,1.21066193432578
QCN7D,log_QNC_MIC,0.951598165205088
QCN7D,log_QNC_MIC,1.09286594843955
QCN7D,log_QNC_MIC,1.13401172068161
QCN7D,log_QNC_MIC,0.89742394109939
QCN7D,log_QNC_MIC,0.89742394109939
QCN7D,log_QNC_MIC,0.89742394109939
QCN7D,log_QNC_MIC,0.95008235545595
QCN7D,log_QNC_MIC,0.95008235545595
QCN7D,log_QNC_MIC,0.95008235545595
QCN7D,log_QNC_MIC,0.95008235545595
QCN7D,log_QNC_MIC,0.678458702183784
QCN7D,log_QNC_MIC,0.678458702183784
QCN7D,log_QNC_MIC,0.678458702183784
QCN7D,log_QNC_MIC,0.797432606703647
QCN7D,log_QNC_MIC,0.742390361970412
QCN7D,log_QNC_MIC,0.7299232813231
QCN7D,log_QNC_MIC,0.7299232813231
QCN7D,log_QNC_MIC,0.984888036933779
QCN7D,log_QNC_MIC,0.984888036933779
QCN7D,log_QNC_MIC,0.841064239733025
QCN7D,log_QNC_MIC,1.05061114853495
QCN7D,log_QNC_MIC,1.05061114853495
QCN7D,log_QNC_MIC,1.38930956470195
QCN7D,log_QNC_MIC,1.38930956470195
QCN7D,log_QNC_MIC,1.38930956470195
QCN7D,log_QNC_MIC,1.38930956470195
QCN7D,log_QNC_MIC,1.38930956470195
QCN7D,log_QNC_MIC,1.38930956470195
QCN7D,log_QNC_MIC,1.38930956470195
QCN7D,log_QNC_MIC,1.64400274051135
QCN7D,log_QNC_MIC,1.64400274051135
QCN7D,log_QNC_MIC,1.64400274051135
QCN7D,log_QNC_MIC,1.64400274051135
QCN7D,log_QNC_MIC,1.64400274051135
QCN7D,log_QNC_MIC,1.64400274051135
QCN7D,log_QNC_MIC,1.2988299625735
QCN7D,log_QNC_MIC,1.2988299625735
QCN7D,log_QNC_MIC,1.41926641244328
QCN7D,log_QNC_MIC,1.37783421980043
QCN7D,log_QNC_MIC,1.68893091940377
QCN7D,log_QNC_MIC,1.06120552142401
QCN7D,log_QNC_MIC,1.06120552142401
QCN7D,log_QNC_MIC,1.06120552142401
QCN7D,log_QNC_MIC,1.06120552142401
QCN7D,log_QNC_MIC,0.940041103593937
QCN7D,log_QNC_MIC,1.0072955070074
QCN7D,log_QNC_MIC,1.01317086848601
QCN7D,log_QNC_MIC,1.01317086848601
QCN7D,log_QNC_MIC,1.00674839262506
QCN7D,log_QNC_MIC,1.33492509678489
QCN7D,log_QNC_MIC,1.20650582789917
QCN7D,log_QNC_MIC,2.21676110667365
QCN7D,log_QNC_MIC,2.21676110667365
QCN7D,log_QNC_MIC,2.21676110667365
QCN7D,log_QNC_MIC,2.21676110667365
QCN7D,log_QNC_MIC,2.21676110667365
QCN7D,log_QNC_MIC,2.18831533035729
QCN7D,log_QNC_MIC,2.18831533035729
QCN7D,log_QNC_MIC,1.98677417544867
QCN7D,log_QNC_MIC,1.98677417544867
QCN7D,log_QNC_MIC,2.39009863278538
QCN7D,log_QNC_MIC,2.38825489393598
QCN7D,log_QNC_MIC,2.04711341254626
QCN7D,log_QNC_MIC,2.04711341254626
QCN7D,log_QNC_MIC,2.04711341254626
QCN7D,log_QNC_MIC,1.6111796309327
QCN7D,log_QNC_MIC,1.6111796309327
QCN7D,log_QNC_MIC,1.6111796309327
QCN7D,log_QNC_MIC,1.6111796309327
QCN7D,log_QNC_MIC,1.6632539044903
QCN7D,log_QNC_MIC,1.6632539044903
QCN7D,log_QNC_MIC,1.6632539044903
QCN7D,log_QNC_MIC,1.2725675247592
QCN7D,log_QNC_MIC,1.2725675247592
QCN7D,log_QNC_MIC,1.2725675247592
QCN7D,log_QNC_MIC,1.2725675247592
QCN7D,log_QNC_MIC,1.2725675247592
QCN7D,log_QNC_MIC,1.2725675247592
QCN7D,log_QNC_MIC,1.2725675247592
QCN7D,log_QNC_MIC,0.799682153080091
QCN7D,log_QNC_MIC,0.976417482081488
QCN7D,log_QNC_MIC,0.976417482081488
QCN7D,log_QNC_MIC,0.976417482081488
QCN7D,log_QNC_MIC,0.976417482081488
QCN7D,log_QNC_MIC,0.976417482081488
QCN7D,log_QNC_MIC,0.976417482081488
QCN7D,log_QNC_MIC,0.976417482081488
QCN7D,log_QNC_MIC,0.976417482081488
QCN7D,log_QNC_MIC,0.976417482081488
QCN7D,log_QNC_MIC,0.976417482081488
QCN7D,log_QNC_MIC,0.976417482081488
QCN7D,log_QNC_MIC,0.976417482081488
QCN7D,log_QNC_MIC,0.976417482081488
QCN7D,log_QNC_MIC,0.932116403277634
QCN7D,log_QNC_MIC,0.932116403277634
QCN7D,log_QNC_MIC,0.932116403277634
QCN7D,log_QNC_MIC,1.18714683254009
QCN7D,log_QNC_MIC,1.18714683254009
QCN7D,log_QNC_MIC,1.18714683254009
QCN7D,log_QNC_MIC,1.18714683254009
QCN7D,log_QNC_MIC,1.08980748099035
QCN7D,log_QNC_MIC,1.08980748099035
QCN7D,log_QNC_MIC,1.08980748099035
QCN7D,log_QNC_MIC,1.08980748099035
QCN7D,log_QNC_MIC,1.08980748099035
QCN7D,log_QNC_MIC,0.81303961334386
QCN7D,log_QNC_MIC,0.81303961334386
QCN7D,log_QNC_MIC,0.81303961334386
QCN7D,log_QNC_MIC,0.81303961334386
QCN7D,log_QNC_MIC,0.942434303747603
QCN7D,log_QNC_MIC,0.942434303747603
QCN7D,log_QNC_MIC,1.27186398723058
QCN7D,log_QNC_MIC,1.65506470922333
QCN7D,log_QNC_MIC,1.52139500817211
QCN7D,log_QNC_MIC,1.33761473681993
QCN7D,log_QNC_MIC,1.33761473681993
QCN7D,log_QNC_MIC,1.33761473681993
QCN7D,log_QNC_MIC,1.33761473681993
QCN7D,log_QNC_MIC,1.33761473681993
QCN7D,log_QNC_MIC,1.33761473681993
QCN7D,log_QNC_MIC,1.33761473681993
QCN7D,log_QNC_MIC,1.33761473681993
QCN7D,log_QNC_MIC,1.33761473681993
QCN7D,log_QNC_MIC,1.2784525263044
QCN7D,log_QNC_MIC,1.2784525263044
QCN7D,log_QNC_MIC,1.2784525263044
QCN7D,log_QNC_MIC,1.12811232095716
QCN7D,log_QNC_MIC,1.12811232095716
QCN7D,log_QNC_MIC,1.12811232095716
QCN7D,log_QNC_MIC,1.12811232095716
QCN7D,log_QNC_MIC,1.12811232095716
QCN7D,log_QNC_MIC,1.12811232095716
QCN7D,log_QNC_MIC,1.29115551975599
QCN7D,log_QNC_MIC,1.29115551975599
QCN7D,log_QNC_MIC,1.29115551975599
QCN7D,log_QNC_MIC,1.08372759417496
QCN7D,log_QNC_MIC,1.30858853891698
QCN7D,log_QNC_MIC,1.56373257350954
QCN7D,log_QNC_MIC,2.91678650866651
QCN7D,log_QNC_MIC,2.91678650866651
QCN7D,log_QNC_MIC,2.91678650866651
QCN7D,log_QNC_MIC,2.91678650866651
QCN7D,log_QNC_MIC,2.91678650866651
QCN7D,log_QNC_MIC,2.91678650866651
QCN7D,log_QNC_MIC,2.91678650866651
QCN7D,log_QNC_MIC,2.91678650866651
QCN7D,log_QNC_MIC,2.91678650866651
QCN7D,log_QNC_MIC,2.91678650866651
QCN7D,log_QNC_MIC,2.91678650866651
QCN7D,log_QNC_MIC,2.91678650866651
QCN7D,log_QNC_MIC,2.91678650866651
QCN7D,log_QNC_MIC,4.02318144144236
QCN7D,log_QNC_MIC,4.02318144144236
QCN7D,log_QNC_MIC,3.33867448616123
QCN7D,log_QNC_MIC,3.81581236476858
QCN7D,log_QNC_MIC,3.81581236476858
QCN7D,log_QNC_MIC,3.81581236476858
QCN7D,log_QNC_MIC,3.81581236476858
QCN7D,log_QNC_MIC,3.47141638902192
QCN7D,log_QNC_MIC,3.47141638902192
QCN7D,log_QNC_MIC,3.47141638902192
QCN7D,log_QNC_MIC,3.47141638902192
QCN7D,log_QNC_MIC,3.47141638902192
QCN7D,log_QNC_MIC,3.22014301363802
QCN7D,log_QNC_MIC,3.22014301363802
QCN7D,log_QNC_MIC,2.74391369179001
QCN7D,log_QNC_MIC,2.74391369179001
QCN7D,log_QNC_MIC,2.74391369179001
QCN7D,log_QNC_MIC,2.74391369179001
QCN7D,log_QNC_MIC,2.74391369179001
QCN7D,log_QNC_MIC,2.74391369179001
QCN7D,log_QNC_MIC,2.74391369179001
QCN7D,log_QNC_MIC,2.74391369179001
QCN7D,log_QNC_MIC,2.99157747879342
QCN7D,log_QNC_MIC,2.99157747879342
QCN7D,log_QNC_MIC,2.99157747879342
QCN7D,log_QNC_MIC,2.99157747879342
QCN7D,log_QNC_MIC,2.99157747879342
QCN7D,log_QNC_MIC,2.99157747879342
QCN7D,log_QNC_MIC,2.99157747879342
QCN7D,log_QNC_MIC,2.99157747879342
QCN7D,log_QNC_MIC,2.99157747879342
QCN7D,log_QNC_MIC,2.99157747879342
QCN7D,log_QNC_MIC,2.87507371818834
QCN7D,log_QNC_MIC,2.87507371818834
QCN7D,log_QNC_MIC,2.91041076968395
QCN7D,log_QNC_MIC,2.91041076968395
QCN7D,log_QNC_MIC,2.91041076968395
QCN7D,log_QNC_MIC,2.91041076968395
QCN7D,log_QNC_MIC,2.47198614481609
QCN7D,log_QNC_MIC,2.47198614481609
QCN7D,log_QNC_MIC,2.47198614481609
QCN7D,log_QNC_MIC,2.47198614481609
QCN7D,log_QNC_MIC,2.47198614481609
QCN7D,log_QNC_MIC,2.47198614481609
QCN7D,log_QNC_MIC,2.47198614481609
QCN7D,log_QNC_MIC,2.47198614481609
QCN7D,log_QNC_MIC,2.47198614481609
QCN7D,log_QNC_MIC,2.47198614481609
QCN7D,log_QNC_MIC,2.47198614481609
QCN7D,log_QNC_MIC,2.35571965571733
QCN7D,log_QNC_MIC,2.35571965571733
QCN7D,log_QNC_MIC,2.35571965571733
QCN7D,log_QNC_MIC,2.35571965571733
QCN7D,log_QNC_MIC,2.35571965571733
QCN7D,log_QNC_MIC,2.35571965571733
QCN7D,log_QNC_MIC,2.35571965571733
QCN7D,log_QNC_MIC,2.35571965571733
QCN7D,log_QNC_MIC,1.90726402609939
QCN7D,log_QNC_MIC,2.3189379023588
QCN7D,log_QNC_MIC,1.88657792845727
QCN7D,log_QNC_MIC,1.88657792845727
QCN7D,log_QNC_MIC,1.88657792845727
QCN7D,log_QNC_MIC,1.88657792845727
QCN7D,log_QNC_MIC,1.88657792845727
QCN7D,log_QNC_MIC,1.88657792845727
QCN7D,log_QNC_MIC,1.88657792845727
QCN7D,log_QNC_MIC,1.88657792845727
QCN7D,log_QNC_MIC,1.88657792845727
QCN7D,log_QNC_MIC,1.88657792845727
QCN7D,log_QNC_MIC,1.88657792845727
QCN7D,log_QNC_MIC,1.88657792845727
QCN7D,log_QNC_MIC,1.88657792845727
QCN7D,log_QNC_MIC,1.88657792845727
QCN7D,log_QNC_MIC,2.8757087220743
QCN7D,log_QNC_MIC,3.40189681679601
QCN7D,log_QNC_MIC,4.22567240226232
QCN7D,log_QNC_MIC,4.22567240226232
QCN7D,log_QNC_MIC,4.85221408868337
QCN7D,log_QNC_MIC,3.25906799269041
QCN7D,log_QNC_MIC,3.25906799269041
QCN7D,log_QNC_MIC,2.51133377194309
QCN7D,log_QNC_MIC,2.51133377194309
QCN7D,log_QNC_MIC,2.51133377194309
QCN7D,log_QNC_MIC,2.51133377194309
QCN7D,log_QNC_MIC,2.51628624975853
QCN7D,log_QNC_MIC,2.51628624975853
QCN7D,log_QNC_MIC,2.51628624975853
QCN7D,log_QNC_MIC,2.51628624975853
QCN7D,log_QNC_MIC,1.93318909951321
QCN7D,log_QNC_MIC,2.05055022969173
QCN7D,log_QNC_MIC,2.05055022969173
QCN7D,log_QNC_MIC,2.05055022969173
QCN7D,log_QNC_MIC,2.05055022969173
QCN7D,log_QNC_MIC,2.32043972105666
QCN7D,log_QNC_MIC,2.32043972105666
QCN7D,log_QNC_MIC,2.32043972105666
QCN7D,log_QNC_MIC,2.32043972105666
QCN7D,log_QNC_MIC,2.32043972105666
QCN7D,log_QNC_MIC,2.32043972105666
QCN7D,log_QNC_MIC,2.41396354480885
QCN7D,log_QNC_MIC,2.41396354480885
QCN7D,log_QNC_MIC,2.41396354480885
QCN7D,log_QNC_MIC,1.3863249717141
QCN7D,log_QNC_MIC,1.3863249717141
QCN7D,log_QNC_MIC,1.3863249717141
QCN7D,log_QNC_MIC,1.3863249717141
QCN7D,log_QNC_MIC,1.3863249717141
QCN7D,log_QNC_MIC,1.3863249717141
QCN7D,log_QNC_MIC,1.3863249717141
QCN7D,log_QNC_MIC,1.3863249717141
QCN7D,log_QNC_MIC,1.63946468696885
QCN7D,log_QNC_MIC,1.63946468696885
QCN7D,log_QNC_MIC,1.63946468696885
QCN7D,log_QNC_MIC,1.63946468696885
QCN7D,log_QNC_MIC,1.42184045046139
QCN7D,log_QNC_MIC,1.42184045046139
QCN7D,log_QNC_MIC,1.42184045046139
QCN7D,log_QNC_MIC,1.45024576123158
QCN7D,log_QNC_MIC,1.45024576123158
QCN7D,log_QNC_MIC,1.45024576123158
QCN7D,log_QNC_MIC,1.75395642131215
QCN7D,log_QNC_MIC,1.91276161025137
QCN7D,log_QNC_MIC,1.23952043778209
QCN7D,log_QNC_MIC,1.20249547498861
QCN7D,log_QNC_MIC,1.20249547498861
QCN7D,log_QNC_MIC,1.20249547498861
QCN7D,log_QNC_MIC,1.03810480219441
QCN7D,log_QNC_MIC,0.984134122710975
QCN7D,log_QNC_MIC,1.3077152550637
QCN7D,log_QNC_MIC,1.3077152550637
QCN7D,log_QNC_MIC,1.3077152550637
QCN7D,log_QNC_MIC,1.3077152550637
QCN7D,log_QNC_MIC,1.09405994295715
QCN7D,log_QNC_MIC,1.09405994295715
QCN7D,log_QNC_MIC,1.09405994295715
QCN7D,log_QNC_MIC,1.08096462519005
QCN7D,log_QNC_MIC,1.08096462519005
QCN7D,log_QNC_MIC,1.61860209067934
QCN7D,log_QNC_MIC,1.61860209067934
QCN7D,log_QNC_MIC,1.61860209067934
QCN7D,log_QNC_MIC,1.61860209067934
QCN7D,log_QNC_MIC,1.61860209067934
QCN7D,log_QNC_MIC,1.74153208787204
QCN7D,log_QNC_MIC,1.74153208787204
QCN7D,log_QNC_MIC,1.74153208787204
QCN7D,log_QNC_MIC,1.74153208787204
QCN7D,log_QNC_MIC,1.74153208787204
QCN7D,log_QNC_MIC,1.74153208787204
QCN7D,log_QNC_MIC,1.74153208787204
QCN7D,log_QNC_MIC,1.74153208787204
QCN7D,log_QNC_MIC,1.8806334971308
QCN7D,log_QNC_MIC,1.8806334971308
QCN7D,log_QNC_MIC,1.8806334971308
QCN7D,log_QNC_MIC,1.8806334971308
QCN7D,log_QNC_MIC,2.61930350213378
QCN7D,log_QNC_MIC,2.61930350213378
QCN7D,log_QNC_MIC,2.61930350213378
QCN7D,log_QNC_MIC,2.43447371736077
QCN7D,log_QNC_MIC,2.43447371736077
QCN7D,log_QNC_MIC,2.07363865245247
QCN7D,log_QNC_MIC,2.25488904125801
QCN7D,log_QNC_MIC,2.25488904125801
QCN7D,log_QNC_MIC,2.25488904125801
QCN7D,log_QNC_MIC,2.25488904125801
QCN7D,log_QNC_MIC,2.25488904125801
QCN7D,log_QNC_MIC,3.15099753191965
QCN7D,log_QNC_MIC,3.15099753191965
QCN7D,log_QNC_MIC,3.15099753191965
QCN7D,log_QNC_MIC,3.15099753191965
QCN7D,log_QNC_MIC,3.15099753191965
QCN7D,log_QNC_MIC,3.15099753191965
QCN7D,log_QNC_MIC,3.17310744603206
QCN7D,log_QNC_MIC,3.07239047019894
QCN7D,log_QNC_MIC,3.07239047019894
QCN7D,log_QNC_MIC,3.07239047019894
QCN7D,log_QNC_MIC,3.07239047019894
QCN7D,log_QNC_MIC,3.07239047019894
QCN7D,log_QNC_MIC,3.0201871953798
QCN7D,log_QNC_MIC,3.0201871953798
QCN7D,log_QNC_MIC,3.0201871953798
QCN7D,log_QNC_MIC,3.0201871953798
QCN7D,log_QNC_MIC,3.79685153805201
QCN7D,log_QNC_MIC,3.79685153805201
QCN7D,log_QNC_MIC,3.79685153805201
QCN7D,log_QNC_MIC,3.79685153805201
QCN7D,log_QNC_MIC,3.79685153805201
QCN7D,log_QNC_MIC,3.79685153805201
QCN7D,log_QNC_MIC,3.79685153805201
QCN7D,log_QNC_MIC,3.79685153805201
QCN7D,log_QNC_MIC,3.79685153805201
QCN7D,log_QNC_MIC,2.74044112891744
QCN7D,log_QNC_MIC,2.2301417699388
QCN7D,log_QNC_MIC,2.2301417699388
QCN7D,log_QNC_MIC,2.2301417699388
QCN7D,log_QNC_MIC,2.2301417699388
QCN7D,log_QNC_MIC,2.2301417699388
QCN7D,log_QNC_MIC,2.2301417699388
QCN7D,log_QNC_MIC,2.2301417699388
QCN7D,log_QNC_MIC,2.2301417699388
QCN7D,log_QNC_MIC,2.2301417699388
QCN7D,log_QNC_MIC,2.2301417699388
QCN7D,log_QNC_MIC,1.88524676947903
QCN7D,log_QNC_MIC,1.88524676947903
QCN7D,log_QNC_MIC,1.68855612213886
QCN7D,log_QNC_MIC,1.68855612213886
QCN7D,log_QNC_MIC,1.68855612213886
QCN7D,log_QNC_MIC,1.68855612213886
QCN7D,log_QNC_MIC,2.1428676388679
QCN7D,log_QNC_MIC,2.1428676388679
QCN7D,log_QNC_MIC,2.1428676388679
QCN7D,log_QNC_MIC,2.1428676388679
QCN7D,log_QNC_MIC,2.1428676388679
QCN7D,log_QNC_MIC,2.1428676388679
QCN7D,log_QNC_MIC,2.00584065834871
QCN7D,log_QNC_MIC,2.00584065834871
QCN7D,log_QNC_MIC,2.00584065834871
QCN7D,log_QNC_MIC,2.00584065834871
QCN7D,log_QNC_MIC,2.00584065834871
QCN7D,log_QNC_MIC,2.00584065834871
QCN7D,log_QNC_MIC,2.00584065834871
QCN7D,log_QNC_MIC,2.00584065834871
QCN7D,log_QNC_MIC,2.00584065834871
QCN7D,log_QNC_MIC,2.00584065834871
QCN7D,log_QNC_MIC,2.00584065834871
QCN7D,log_QNC_MIC,2.00584065834871
QCN7D,log_QNC_MIC,2.12572810965498
QCN7D,log_QNC_MIC,2.48381892534417
QCN7D,log_QNC_MIC,2.48381892534417
QCN7D,log_QNC_MIC,2.48381892534417
QCN7D,log_QNC_MIC,2.48381892534417
QCN7D,log_QNC_MIC,2.48381892534417
QCN7D,log_QNC_MIC,2.48381892534417
QCN7D,log_QNC_MIC,2.48381892534417
QCN7D,log_QNC_MIC,2.04624011179909
QCN7D,log_QNC_MIC,2.04624011179909
QCN7D,log_QNC_MIC,2.63313995499631
QCN7D,log_QNC_MIC,2.63313995499631
QCN7D,log_QNC_MIC,2.63313995499631
QCN7D,log_QNC_MIC,2.63313995499631
QCN7D,log_QNC_MIC,2.63313995499631
QCN7D,log_QNC_MIC,2.63313995499631
QCN7D,log_QNC_MIC,3.05320714540016
QCN7D,log_QNC_MIC,3.05320714540016
QCN7D,log_QNC_MIC,3.05320714540016
QCN7D,log_QNC_MIC,2.88308892170147
QCN7D,log_QNC_MIC,2.27298400311763
QCN7D,log_QNC_MIC,3.16691480221932
QCN7D,log_QNC_MIC,3.16691480221932
QCN7D,log_QNC_MIC,3.16691480221932
QCN7D,log_QNC_MIC,3.16691480221932
QCN7D,log_QNC_MIC,3.16691480221932
QCN7D,log_QNC_MIC,3.30208527112997
QCN7D,log_QNC_MIC,3.30208527112997
QCN7D,log_QNC_MIC,3.30208527112997
QCN7D,log_QNC_MIC,2.22158632849231
QCN7D,log_QNC_MIC,2.22158632849231
QCN7D,log_QNC_MIC,2.22158632849231
QCN7D,log_QNC_MIC,2.22000013331074
QCN7D,log_QNC_MIC,1.94186093882575
QCN7D,log_QNC_MIC,1.55979331671353
QCN7D,log_QNC_MIC,1.37394556870879
QCN7D,log_QNC_MIC,1.37394556870879
QCN7D,log_QNC_MIC,1.27951185460391
QCN7D,log_QNC_MIC,1.27951185460391
QCN7D,log_QNC_MIC,1.27951185460391
QCN7D,log_QNC_MIC,0.988804386856542
QCN7D,log_QNC_MIC,1.00940433063307
QCN7D,log_QNC_MIC,1.00940433063307
QCN7D,log_QNC_MIC,1.2273759417961
QCN7D,log_QNC_MIC,1.03298521279384
QCN7D,log_QNC_MIC,1.24754713368602
QCN7D,log_QNC_MIC,1.24754713368602
QCN7D,log_QNC_MIC,1.24754713368602
QCN7D,log_QNC_MIC,1.24754713368602
QCN7D,log_QNC_MIC,1.24754713368602
QCN7D,log_QNC_MIC,1.24754713368602
QCN7D,log_QNC_MIC,1.24754713368602
QCN7D,log_QNC_MIC,1.24754713368602
QCN7D,log_QNC_MIC,1.24754713368602
QCN7D,log_QNC_MIC,1.24754713368602
QCN7D,log_QNC_MIC,1.25511737238071
QCN7D,log_QNC_MIC,1.25511737238071
QCN7D,log_QNC_MIC,1.25511737238071
QCN7D,log_QNC_MIC,1.25511737238071
QCN7D,log_QNC_MIC,1.25511737238071
QCN7D,log_QNC_MIC,1.25511737238071
QCN7D,log_QNC_MIC,1.25511737238071
QCN7D,log_QNC_MIC,1.25511737238071
QCN7D,log_QNC_MIC,1.25511737238071
QCN7D,log_QNC_MIC,1.25511737238071
QCN7D,log_QNC_MIC,1.25511737238071
QCN7D,log_QNC_MIC,0.924937360913094
QCN7D,log_QNC_MIC,0.924937360913094
QCN7D,log_QNC_MIC,0.924937360913094
QCN7D,log_QNC_MIC,0.924937360913094
QCN7D,log_QNC_MIC,0.924937360913094
QCN7D,log_QNC_MIC,0.924937360913094
QCN7D,log_QNC_MIC,0.924937360913094
QCN7D,log_QNC_MIC,0.924937360913094
QCN7D,log_QNC_MIC,0.924937360913094
QCN7D,log_QNC_MIC,0.924937360913094
QCN7D,log_QNC_MIC,0.882097907572286
QCN7D,log_QNC_MIC,1.18290220703361
QCN7D,log_QNC_MIC,1.18290220703361
QCN7D,log_QNC_MIC,1.18290220703361
QCN7D,log_QNC_MIC,1.18290220703361
QCN7D,log_QNC_MIC,1.18290220703361
QCN7D,log_QNC_MIC,1.18290220703361
QCN7D,log_QNC_MIC,1.18290220703361
QCN7D,log_QNC_MIC,1.02554903478705
QCN7D,log_QNC_MIC,1.20184765601616
QCN7D,log_QNC_MIC,1.04213567535926
QCN7D,log_QNC_MIC,1.04213567535926
QCN7D,log_QNC_MIC,1.04213567535926
QCN7D,log_QNC_MIC,1.04213567535926
QCN7D,log_QNC_MIC,1.04213567535926
QCN7D,log_QNC_MIC,1.04213567535926
QCN7D,log_QNC_MIC,0.732531818226684
QCN7D,log_QNC_MIC,0.732531818226684
QCN7D,log_QNC_MIC,1.04233248285722
QCN7D,log_QNC_MIC,1.04233248285722
QCN7D,log_QNC_MIC,1.04233248285722
QCN7D,log_QNC_MIC,0.680289963482322
QCN7D,log_QNC_MIC,0.661988568555578
QCN7D,log_QNC_MIC,0.661988568555578
QCN7D,log_QNC_MIC,0.82439461592999
QCN7D,log_QNC_MIC,1.21863410812093
QCN7D,log_QNC_MIC,1.21863410812093
QCN7D,log_QNC_MIC,1.21863410812093
QCN7D,log_QNC_MIC,1.21863410812093
QCN7D,log_QNC_MIC,1.21863410812093
QCN7D,log_QNC_MIC,1.21863410812093
QCN7D,log_QNC_MIC,0.991977678191733
QCN7D,log_QNC_MIC,1.19856145673159
QCN7D,log_QNC_MIC,1.19856145673159
QCN7D,log_QNC_MIC,1.19856145673159
QCN7D,log_QNC_MIC,1.62417483873858
QCN7D,log_QNC_MIC,1.62417483873858
QCN7D,log_QNC_MIC,1.62417483873858
QCN7D,log_QNC_MIC,1.62417483873858
QCN7D,log_QNC_MIC,1.20202369007523
QCN7D,log_QNC_MIC,1.20202369007523
QCN7D,log_QNC_MIC,1.20202369007523
QCN7D,log_QNC_MIC,1.29496736578748
QCN7D,log_QNC_MIC,1.29496736578748
QCN7D,log_QNC_MIC,1.31099930953898
QCN7D,log_QNC_MIC,1.31099930953898
QCN7D,log_QNC_MIC,1.31099930953898
QCN7D,log_QNC_MIC,1.31099930953898
QCN7D,log_QNC_MIC,1.31099930953898
QCN7D,log_QNC_MIC,1.31099930953898
QCN7D,log_QNC_MIC,1.31099930953898
QCN7D,log_QNC_MIC,1.31043679632005
QCN7D,log_QNC_MIC,1.31043679632005
QCN7D,log_QNC_MIC,1.31043679632005
QCN7D,log_QNC_MIC,1.31043679632005
QCN7D,log_QNC_MIC,1.80116017456004
QCN7D,log_QNC_MIC,3.10356992631184
QCN7D,log_QNC_MIC,3.10356992631184
QCN7D,log_QNC_MIC,3.10356992631184
QCN7D,log_QNC_MIC,3.10356992631184
QCN7D,log_QNC_MIC,3.41536289666299
QCN7D,log_QNC_MIC,3.64120794395482
QCN7D,log_QNC_MIC,3.52472399935055
QCN7D,log_QNC_MIC,4.27584103061724
QCN7D,log_QNC_MIC,4.74202290329776
QCN7D,log_QNC_MIC,4.74202290329776
QCN7D,log_QNC_MIC,4.74202290329776
QCN7D,log_QNC_MIC,4.74202290329776
QCN7D,log_QNC_MIC,4.74202290329776
QCN7D,log_QNC_MIC,4.74202290329776
QCN7D,log_QNC_MIC,4.74202290329776
QCN7D,log_QNC_MIC,3.47317127694826
QCN7D,log_QNC_MIC,3.47317127694826
QCN7D,log_QNC_MIC,3.6526001822504
QCN7D,log_QNC_MIC,4.01671799222651
QCN7D,log_QNC_MIC,4.20691243475916
QCN7D,log_QNC_MIC,2.95407752669007
QCN7D,log_QNC_MIC,2.95407752669007
QCN7D,log_QNC_MIC,2.95407752669007
QCN7D,log_QNC_MIC,2.85122042539941
QCN7D,log_QNC_MIC,2.85122042539941
QCN7D,log_QNC_MIC,3.35916321570942
QCN7D,log_QNC_MIC,3.35916321570942
QCN7D,log_QNC_MIC,3.35916321570942
QCN7D,log_QNC_MIC,5.85407775568111
QCN7D,log_QNC_MIC,5.85407775568111
QCN7D,log_QNC_MIC,8.57626226713123
QCN7D,log_QNC_MIC,8.57626226713123
QCN7D,log_QNC_MIC,8.57626226713123
QCN7D,log_QNC_MIC,8.57626226713123
QCN7D,log_QNC_MIC,8.57626226713123
QCN7D,log_QNC_MIC,8.57626226713123
QCN7D,log_QNC_MIC,8.57626226713123
QCN7D,log_QNC_MIC,8.57626226713123
QCN7D,log_QNC_MIC,8.57626226713123
QCN7D,log_QNC_MIC,8.48161801039313
QCN7D,log_QNC_MIC,6.41994109967894
QCN7D,log_QNC_MIC,3.96257955394542
QCN7D,log_QNC_MIC,3.96257955394542
QCN7D,log_QNC_MIC,4.19813929068393
QCN7D,log_QNC_MIC,4.19813929068393
QCN7D,log_QNC_MIC,3.63830233090751
QCN7D,log_QNC_MIC,3.62581869928121
QCN7D,log_QNC_MIC,2.98112374342952
QCN7D,log_QNC_MIC,2.98112374342952
QCN7D,log_QNC_MIC,5.04993734698648
QCN7D,log_QNC_MIC,5.04993734698648
QCN7D,log_QNC_MIC,10.7976797469728
QCN7D,log_QNC_MIC,11.9536471201243
QCN7D,log_QNC_MIC,7.39125018066969
QCN7D,log_QNC_MIC,7.39125018066969
QCN7D,log_QNC_MIC,7.39125018066969
QCN7D,log_QNC_MIC,6.09590323064419
QCN7D,log_QNC_MIC,6.09590323064419
QCN7D,log_QNC_MIC,5.17304668727085
QCN7D,log_QNC_MIC,5.17304668727085
QCN7D,log_QNC_MIC,5.17304668727085
QCN7D,log_QNC_MIC,4.18174274873038
QCN7D,log_QNC_MIC,4.18174274873038
QCN7D,log_QNC_MIC,3.86876318974571
QCN7D,log_QNC_MIC,3.86876318974571
QCN7D,log_QNC_MIC,3.86876318974571
QCN7D,log_QNC_MIC,3.86876318974571
QCN7D,log_QNC_MIC,3.86876318974571
QCN7D,log_QNC_MIC,3.86876318974571
QCN7D,log_QNC_MIC,3.82247581208826
QCN7D,log_QNC_MIC,3.82247581208826
QCN7D,log_QNC_MIC,2.75257348515702
QCN7D,log_QNC_MIC,2.75257348515702
QCN7D,log_QNC_MIC,2.0213098024578
QCN7D,log_QNC_MIC,2.0213098024578
QCN7D,log_QNC_MIC,2.0213098024578
QCN7D,log_QNC_MIC,2.0213098024578
QCN7D,log_QNC_MIC,2.0213098024578
QCN7D,log_QNC_MIC,2.0213098024578
QCN7D,log_QNC_MIC,2.0213098024578
QCN7D,log_QNC_MIC,2.51035825470588
QCN7D,log_QNC_MIC,2.51035825470588
QCN7D,log_QNC_MIC,2.51035825470588
QCN7D,log_QNC_MIC,2.51035825470588
QCN7D,log_QNC_MIC,2.51035825470588
QCN7D,log_QNC_MIC,2.51035825470588
QCN7D,log_QNC_MIC,2.51035825470588
QCN7D,log_QNC_MIC,2.51035825470588
QCN7D,log_QNC_MIC,2.51035825470588
QCN7D,log_QNC_MIC,2.51035825470588
QCN7D,log_QNC_MIC,2.51035825470588
QCN7D,log_QNC_MIC,2.36321497909692
QCN7D,log_QNC_MIC,2.36321497909692
QCN7D,log_QNC_MIC,2.51241077740114
QCN7D,log_QNC_MIC,2.17335115572987
QCN7D,log_QNC_MIC,2.17335115572987
QCN7D,log_QNC_MIC,2.17335115572987
QCN7D,log_QNC_MIC,2.10174680751928
QCN7D,log_QNC_MIC,1.9465071692644
QCN7D,log_QNC_MIC,1.9465071692644
QCN7D,log_QNC_MIC,1.9465071692644
QCN7D,log_QNC_MIC,1.9465071692644
QCN7D,log_QNC_MIC,1.51511448912258
QCN7D,log_QNC_MIC,1.51511448912258
QCN7D,log_QNC_MIC,1.50575262341176
QCN7D,log_QNC_MIC,1.67953990280114
QCN7D,log_QNC_MIC,1.67953990280114
QCN7D,log_QNC_MIC,1.67953990280114
QCN7D,log_QNC_MIC,1.67953990280114
QCN7D,log_QNC_MIC,1.5578075567875
QCN7D,log_QNC_MIC,1.5578075567875
QCN7D,log_QNC_MIC,1.5578075567875
QCN7D,log_QNC_MIC,1.5578075567875
QCN7D,log_QNC_MIC,1.5578075567875
QCN7D,log_QNC_MIC,1.5578075567875
QCN7D,log_QNC_MIC,1.5578075567875
QCN7D,log_QNC_MIC,1.29530517284793
QCN7D,log_QNC_MIC,1.29530517284793
QCN7D,log_QNC_MIC,1.50123805904854
QCN7D,log_QNC_MIC,1.50123805904854
QCN7D,log_QNC_MIC,1.50123805904854
QCN7D,log_QNC_MIC,1.50123805904854
QCN7D,log_QNC_MIC,1.41651191247959
QCN7D,log_QNC_MIC,1.53035984352862
QCN7D,log_QNC_MIC,1.53035984352862
QCN7D,log_QNC_MIC,1.53035984352862
QCN7D,log_QNC_MIC,1.53035984352862
QCN7D,log_QNC_MIC,1.53035984352862
QCN7D,log_QNC_MIC,1.53035984352862
QCN7D,log_QNC_MIC,1.53035984352862
QCN7D,log_QNC_MIC,1.53035984352862
QCN7D,log_QNC_MIC,2.41317697769045
QCN7D,log_QNC_MIC,2.41317697769045
QCN7D,log_QNC_MIC,2.41317697769045
QCN7D,log_QNC_MIC,2.98200334476057
QCN7D,log_QNC_MIC,2.98200334476057
QCN7D,log_QNC_MIC,2.50450167425017
QCN7D,log_QNC_MIC,2.50450167425017
QCN7D,log_QNC_MIC,2.50450167425017
QCN7D,log_QNC_MIC,2.50450167425017
QCN7D,log_QNC_MIC,2.50450167425017
QCN7D,log_QNC_MIC,2.50450167425017
QCN7D,log_QNC_MIC,2.50450167425017
QCN7D,log_QNC_MIC,2.50450167425017
QCN7D,log_QNC_MIC,2.50450167425017
QCN7D,log_QNC_MIC,2.50450167425017
QCN7D,log_QNC_MIC,2.50450167425017
QCN7D,log_QNC_MIC,2.50450167425017
QCN7D,log_QNC_MIC,2.50450167425017
QCN7D,log_QNC_MIC,2.50450167425017
QCN7D,log_QNC_MIC,2.06656707893497
QCN7D,log_QNC_MIC,2.06656707893497
QCN7D,log_QNC_MIC,1.67803208806413
QCN7D,log_QNC_MIC,1.67803208806413
QCN7D,log_QNC_MIC,2.15008106903649
QCN7D,log_QNC_MIC,1.98417520641625
QCN7D,log_QNC_MIC,1.98417520641625
QCN7D,log_QNC_MIC,1.98417520641625
QCN7D,log_QNC_MIC,1.98417520641625
QCN7D,log_QNC_MIC,1.98417520641625
QCN7D,log_QNC_MIC,1.98417520641625
QCN7D,log_QNC_MIC,1.98417520641625
QCN7D,log_QNC_MIC,1.24899532369015
QCN7D,log_QNC_MIC,1.24899532369015
QCN7D,log_QNC_MIC,1.24899532369015
QCN7D,log_QNC_MIC,1.24899532369015
QCN7D,log_QNC_MIC,1.24899532369015
QCN7D,log_QNC_MIC,1.24899532369015
QCN7D,log_QNC_MIC,1.06119982293083
QCN7D,log_QNC_MIC,1.2398976797157
QCN7D,log_QNC_MIC,1.2398976797157
QCN7D,log_QNC_MIC,0.944760938187429
QCN7D,log_QNC_MIC,0.768846053366945
QCN7D,log_QNC_MIC,0.768846053366945
QCN7D,log_QNC_MIC,0.768846053366945
QCN7D,log_QNC_MIC,0.768846053366945
QCN7D,log_QNC_MIC,0.768846053366945
QCN7D,log_QNC_MIC,0.768846053366945
QCN7D,log_QNC_MIC,0.414622814242683
QCN7D,log_QNC_MIC,0.414622814242683
QCN7D,log_QNC_MIC,0.414622814242683
QCN7D,log_QNC_MIC,0.414622814242683
QCN7D,log_QNC_MIC,0.414622814242683
QCN7D,log_QNC_MIC,0.433395778575607
QCN7D,log_QNC_MIC,0.433395778575607
QCN7D,log_QNC_MIC,0.433395778575607
QCN7D,log_QNC_MIC,0.433395778575607
QCN7D,log_QNC_MIC,0.433395778575607
QCN7D,log_QNC_MIC,0.433395778575607
QCN7D,log_QNC_MIC,0.433395778575607
QCN7D,log_QNC_MIC,0.433395778575607
QCN7D,log_QNC_MIC,0.622249368873933
QCN7D,log_QNC_MIC,0.622249368873933
QCN7D,log_QNC_MIC,0.622249368873933
QCN7D,log_QNC_MIC,0.622249368873933
QCN7D,log_QNC_MIC,0.622249368873933
QCN7D,log_QNC_MIC,0.622249368873933
QCN7D,log_QNC_MIC,0.622249368873933
QCN7D,log_QNC_MIC,0.622249368873933
QCN7D,log_QNC_MIC,0.805001532792088
QCN7D,log_QNC_MIC,0.694284676582283
QCN7D,log_QNC_MIC,0.694284676582283
QCN7D,log_QNC_MIC,0.694284676582283
QCN7D,log_QNC_MIC,0.694284676582283
QCN7D,log_QNC_MIC,0.790228186242719
QCN7D,log_QNC_MIC,0.683360285170104
QCN7D,log_QNC_MIC,0.607565593714157
QCN7D,log_QNC_MIC,0.799040349645676
QCN7D,log_QNC_MIC,1.0494430802238
QCN7D,log_QNC_MIC,1.0494430802238
QCN7D,log_QNC_MIC,1.17881648394406
QCN7D,log_QNC_MIC,1.06263878784031
QCN7D,log_QNC_MIC,1.06263878784031
QCN7D,log_QNC_MIC,1.06263878784031
QCN7D,log_QNC_MIC,1.14949920383528
QCN7D,log_QNC_MIC,1.14949920383528
QCN7D,log_QNC_MIC,1.19692362430201
QCN7D,log_QNC_MIC,0.936828094936517
QCN7D,log_QNC_MIC,0.936828094936517
QCN7D,log_QNC_MIC,0.908708286070218
QCN7D,log_QNC_MIC,1.41885923559459
QCN7D,log_QNC_MIC,1.41885923559459
QCN7D,log_QNC_MIC,1.41885923559459
QCN7D,log_QNC_MIC,1.41885923559459
QCN7D,log_QNC_MIC,1.41885923559459
QCN7D,log_QNC_MIC,1.41885923559459
QCN7D,log_QNC_MIC,1.44549250843037
QCN7D,log_QNC_MIC,1.58526927557206
QCN7D,log_QNC_MIC,1.58526927557206
QCN7D,log_QNC_MIC,1.58526927557206
QCN7D,log_QNC_MIC,1.42521146158754
QCN7D,log_QNC_MIC,1.42521146158754
QCN7D,log_QNC_MIC,1.03764244591301
QCN7D,log_QNC_MIC,1.03764244591301
QCN7D,log_QNC_MIC,1.03764244591301
QCN7D,log_QNC_MIC,1.03764244591301
QCN7D,log_QNC_MIC,1.17683957155146
QCN7D,log_QNC_MIC,1.17683957155146
QCN7D,log_QNC_MIC,1.17683957155146
QCN7D,log_QNC_MIC,1.17683957155146
QCN7D,log_QNC_MIC,1.17683957155146
QCN7D,log_QNC_MIC,1.17683957155146
QCN7D,log_QNC_MIC,1.17683957155146
QCN7D,log_QNC_MIC,1.85543723007768
QCN7D,log_QNC_MIC,1.85543723007768
QCN7D,log_QNC_MIC,1.59621175743519
QCN7D,log_QNC_MIC,1.33423206660432
QCN7D,log_QNC_MIC,1.33423206660432
QCN7D,log_QNC_MIC,1.33423206660432
QCN7D,log_QNC_MIC,1.35546117100617
QCN7D,log_QNC_MIC,1.35546117100617
QCN7D,log_QNC_MIC,1.35546117100617
QCN7D,log_QNC_MIC,1.19909342834717
QCN7D,log_QNC_MIC,1.33446023858888
QCN7D,log_QNC_MIC,2.55980735499103
QCN7D,log_QNC_MIC,2.2676281936285
QCN7D,log_QNC_MIC,2.2676281936285
QCN7D,log_QNC_MIC,2.2676281936285
QCN7D,log_QNC_MIC,2.2676281936285
QCN7D,log_QNC_MIC,2.35313906741178
QCN7D,log_QNC_MIC,2.2786327068213
QCN7D,log_QNC_MIC,2.2786327068213
QCN7D,log_QNC_MIC,1.45474942469639
QCN7D,log_QNC_MIC,1.45474942469639
QCN7D,log_QNC_MIC,1.45474942469639
QCN7D,log_QNC_MIC,1.45474942469639
QCN7D,log_QNC_MIC,1.64315085393743
QCN7D,log_QNC_MIC,1.64315085393743
QCN7D,log_QNC_MIC,1.64315085393743
QCN7D,log_QNC_MIC,1.64315085393743
QCN7D,log_QNC_MIC,1.22136825980745
QCN7D,log_QNC_MIC,1.03976758341508
QCN7D,log_QNC_MIC,1.68809903551983
QCN7D,log_QNC_MIC,1.68809903551983
QCN7D,log_QNC_MIC,1.68809903551983
QCN7D,log_QNC_MIC,1.68809903551983
QCN7D,log_QNC_MIC,1.68809903551983
QCN7D,log_QNC_MIC,1.68809903551983
QCN7D,log_QNC_MIC,1.88821500919168
QCN7D,log_QNC_MIC,2.41039961693614
QCN7D,log_QNC_MIC,2.41039961693614
QCN7D,log_QNC_MIC,2.34964494823687
QCN7D,log_QNC_MIC,2.34964494823687
QCN7D,log_QNC_MIC,2.34964494823687
QCN7D,log_QNC_MIC,2.34964494823687
QCN7D,log_QNC_MIC,2.34964494823687
QCN7D,log_QNC_MIC,1.82933278003682
QCN7D,log_QNC_MIC,1.51980584867748
QCN7D,log_QNC_MIC,1.51980584867748
QCN7D,log_QNC_MIC,1.51980584867748
QCN7D,log_QNC_MIC,0.988243276531632
QCN7D,log_QNC_MIC,0.753891458652927
QCN7D,log_QNC_MIC,0.753891458652927
QCN7D,log_QNC_MIC,0.753891458652927
QCN7D,log_QNC_MIC,0.753891458652927
QCN7D,log_QNC_MIC,0.753891458652927
QCN7D,log_QNC_MIC,0.753891458652927
QCN7D,log_QNC_MIC,0.753891458652927
QCN7D,log_QNC_MIC,0.753891458652927
QCN7D,log_QNC_MIC,0.753891458652927
QCN7D,log_QNC_MIC,0.753891458652927
QCN7D,log_QNC_MIC,0.753891458652927
QCN7D,log_QNC_MIC,0.753891458652927
QCN7D,log_QNC_MIC,0.753891458652927
QCN7D,log_QNC_MIC,0.753891458652927
QCN7D,log_QNC_MIC,0.753891458652927
QCN7D,log_QNC_MIC,0.753891458652927
QCN7D,log_QNC_MIC,0.995006391391799
QCN7D,log_QNC_MIC,0.995006391391799
QCN7D,log_QNC_MIC,0.995006391391799
QCN7D,log_QNC_MIC,0.995006391391799
QCN7D,log_QNC_MIC,0.995006391391799
QCN7D,log_QNC_MIC,0.995006391391799
QCN7D,log_QNC_MIC,0.995006391391799
QCN7D,log_QNC_MIC,0.995006391391799
QCN7D,log_QNC_MIC,0.995006391391799
QCN7D,log_QNC_MIC,0.995006391391799
QCN7D,log_QNC_MIC,0.995006391391799
QCN7D,log_QNC_MIC,1.15689169688656
QCN7D,log_QNC_MIC,1.15689169688656
QCN7D,log_QNC_MIC,1.15689169688656
QCN7D,log_QNC_MIC,1.35850541962081
QCN7D,log_QNC_MIC,1.35850541962081
QCN7D,log_QNC_MIC,1.35850541962081
QCN7D,log_QNC_MIC,1.2326345165314
QCN7D,log_QNC_MIC,1.2326345165314
QCN7D,log_QNC_MIC,1.19997797229243
QCN7D,log_QNC_MIC,1.19997797229243
QCN7D,log_QNC_MIC,1.07998139805402
QCN7D,log_QNC_MIC,1.07998139805402
QCN7D,log_QNC_MIC,0.820110235679736
QCN7D,log_QNC_MIC,0.820110235679736
QCN7D,log_QNC_MIC,0.797966289076466
QCN7D,log_QNC_MIC,0.797966289076466
QCN7D,log_QNC_MIC,0.839771648275048
QCN7D,log_QNC_MIC,0.839771648275048
QCN7D,log_QNC_MIC,0.839771648275048
QCN7D,log_QNC_MIC,0.839771648275048
QCN7D,log_QNC_MIC,0.839771648275048
QCN7D,log_QNC_MIC,0.839771648275048
QCN7D,log_QNC_MIC,0.839771648275048
QCN7D,log_QNC_MIC,0.839771648275048
QCN7D,log_QNC_MIC,0.839771648275048
QCN7D,log_QNC_MIC,0.839771648275048
QCN7D,log_QNC_MIC,0.839771648275048
QCN7D,log_QNC_MIC,0.839771648275048
QCN7D,log_QNC_MIC,0.679489606640749
QCN7D,log_QNC_MIC,0.679489606640749
QCN7D,log_QNC_MIC,0.679489606640749
QCN7D,log_QNC_MIC,0.679489606640749
QCN7D,log_QNC_MIC,0.679489606640749
QCN7D,log_QNC_MIC,0.606827838107579
QCN7D,log_QNC_MIC,0.606827838107579
QCN7D,log_QNC_MIC,0.606827838107579
QCN7D,log_QNC_MIC,0.606827838107579
QCN7D,log_QNC_MIC,0.411950566045696
QCN7D,log_QNC_MIC,0.341845500748913
QCN7D,log_QNC_MIC,0.275264910194033
QCN7D,log_QNC_MIC,0.275264910194033
QCN7D,log_QNC_MIC,0.279512995512714
QCN7D,log_QNC_MIC,0.279512995512714
QCN7D,log_QNC_MIC,0.279512995512714
QCN7D,log_QNC_MIC,0.279512995512714
QCN7D,log_QNC_MIC,0.279512995512714
QCN7D,log_QNC_MIC,0.279512995512714
QCN7D,log_QNC_MIC,0.279512995512714
QCN7D,log_QNC_MIC,0.279512995512714
QCN7D,log_QNC_MIC,0.279512995512714
QCN7D,log_QNC_MIC,0.279512995512714
QCN7D,log_QNC_MIC,0.279512995512714
QCN7D,log_QNC_MIC,0.303247951979809
QCN7D,log_QNC_MIC,0.379839167314994
QCN7D,log_QNC_MIC,0.379839167314994
QCN7D,log_QNC_MIC,0.379839167314994
QCN7D,log_QNC_MIC,0.379839167314994
QCN7D,log_QNC_MIC,0.320312434193893
QCN7D,log_QNC_MIC,0.320312434193893
QCN7D,log_QNC_MIC,0.320312434193893
QCN7D,log_QNC_MIC,0.320312434193893
QCN7D,log_QNC_MIC,0.320312434193893
QCN7D,log_QNC_MIC,0.320312434193893
QCN7D,log_QNC_MIC,0.320312434193893
QCN7D,log_QNC_MIC,0.276892111126304
QCN7D,log_QNC_MIC,0.276892111126304
QCN7D,log_QNC_MIC,0.276892111126304
QCN7D,log_QNC_MIC,0.276892111126304
QCN7D,log_QNC_MIC,0.204758504901007
QCN7D,log_QNC_MIC,0.204758504901007
QCN7D,log_QNC_MIC,0.204758504901007
QCN7D,log_QNC_MIC,0.237131040027221
QCN7D,log_QNC_MIC,0.237131040027221
QCN7D,log_QNC_MIC,0.210940343893297
QCN7D,log_QNC_MIC,0.311184087804833
QCN7D,log_QNC_MIC,0.346717222793048
QCN7D,log_QNC_MIC,0.346717222793048
QCN7D,log_QNC_MIC,0.378368218081465
QCN7D,log_QNC_MIC,0.310018417618279
QCN7D,log_QNC_MIC,0.255939634788658
QCN7D,log_QNC_MIC,0.255939634788658
QCN7D,log_QNC_MIC,0.255939634788658
QCN7D,log_QNC_MIC,0.255939634788658
QCN7D,log_QNC_MIC,0.255939634788658
QCN7D,log_QNC_MIC,0.312059784844272
QCN7D,log_QNC_MIC,0.312059784844272
QCN7D,log_QNC_MIC,0.345433248610884
QCN7D,log_QNC_MIC,0.55862473961281
QCN7D,log_QNC_MIC,0.55862473961281
QCN7D,log_QNC_MIC,0.55862473961281
QCN7D,log_QNC_MIC,0.450159076252475
QCN7D,log_QNC_MIC,0.450159076252475
QCN7D,log_QNC_MIC,0.450159076252475
QCN7D,log_QNC_MIC,0.450159076252475
QCN7D,log_QNC_MIC,0.450159076252475
QCN7D,log_QNC_MIC,0.450159076252475
QCN7D,log_QNC_MIC,0.450159076252475
QCN7D,log_QNC_MIC,0.450159076252475
QCN7D,log_QNC_MIC,0.450159076252475
QCN7D,log_QNC_MIC,0.450159076252475
QCN7D,log_QNC_MIC,0.450159076252475
QCN7D,log_QNC_MIC,0.450159076252475
QCN7D,log_QNC_MIC,0.450159076252475
QCN7D,log_QNC_MIC,0.450159076252475
QCN7D,log_QNC_MIC,0.450159076252475
QCN7D,log_QNC_MIC,0.450159076252475
QCN7D,log_QNC_MIC,0.457350855741281
QCN7D,log_QNC_MIC,0.457350855741281
QCN7D,log_QNC_MIC,0.457350855741281
QCN7D,log_QNC_MIC,0.54677779632447
QCN7D,log_QNC_MIC,0.537864314995768
QCN7D,log_QNC_MIC,0.537864314995768
QCN7D,log_QNC_MIC,0.563810757175823
QCN7D,log_QNC_MIC,0.563810757175823
QCN7D,log_QNC_MIC,0.563810757175823
QCN7D,log_QNC_MIC,0.563810757175823
QCN7D,log_QNC_MIC,0.689352966660318
QCN7D,log_QNC_MIC,0.689352966660318
QCN7D,log_QNC_MIC,0.729161868703243
QCN7D,log_QNC_MIC,0.679348472741796
QCN7D,log_QNC_MIC,0.679348472741796
QCN7D,log_QNC_MIC,0.679348472741796
QCN7D,log_QNC_MIC,0.825340596981219
QCN7D,log_QNC_MIC,1.21897538710294
QCN7D,log_QNC_MIC,1.21897538710294
QCN7D,log_QNC_MIC,1.21897538710294
QCN7D,log_QNC_MIC,1.21897538710294
QCN7D,log_QNC_MIC,1.56235847497213
QCN7D,log_QNC_MIC,1.56235847497213
QCN7D,log_QNC_MIC,1.44155463750825
QCN7D,log_QNC_MIC,1.44155463750825
QCN7D,log_QNC_MIC,1.44155463750825
QCN7D,log_QNC_MIC,1.44155463750825
QCN7D,log_QNC_MIC,1.44155463750825
QCN7D,log_QNC_MIC,2.34068404157411
QCN7D,log_QNC_MIC,1.89790655009432
QCN7D,log_QNC_MIC,1.88873500207608
QCN7D,log_QNC_MIC,1.88873500207608
QCN7D,log_QNC_MIC,1.88873500207608
QCN7D,log_QNC_MIC,1.88873500207608
QCN7D,log_QNC_MIC,1.88873500207608
QCN7D,log_QNC_MIC,1.74459693100069
QCN7D,log_QNC_MIC,1.73586653243388
QCN7D,log_QNC_MIC,1.66144735175217
QCN7D,log_QNC_MIC,1.66144735175217
QCN7D,log_QNC_MIC,1.66144735175217
QCN7D,log_QNC_MIC,1.66144735175217
QCN7D,log_QNC_MIC,1.66144735175217
QCN7D,log_QNC_MIC,1.66144735175217
QCN7D,log_QNC_MIC,1.66144735175217
QCN7D,log_QNC_MIC,1.54007658745001
QCN7D,log_QNC_MIC,1.74357965735807
QCN7D,log_QNC_MIC,1.74357965735807
QCN7D,log_QNC_MIC,1.74357965735807
QCN7D,log_QNC_MIC,1.30770912911148
QCN7D,log_QNC_MIC,1.21436428678664
QCN7D,log_QNC_MIC,1.21436428678664
QCN7D,log_QNC_MIC,1.21436428678664
QCN7D,log_QNC_MIC,1.21436428678664
QCN7D,log_QNC_MIC,1.21436428678664
QCN7D,log_QNC_MIC,1.21436428678664
QCN7D,log_QNC_MIC,1.21436428678664
QCN7D,log_QNC_MIC,1.21436428678664
QCN7D,log_QNC_MIC,1.13873055730614
QCN7D,log_QNC_MIC,1.13873055730614
QCN7D,log_QNC_MIC,1.50590038915549
QCN7D,log_QNC_MIC,1.50590038915549
QCN7D,log_QNC_MIC,1.50590038915549
QCN7D,log_QNC_MIC,1.50590038915549
QCN7D,log_QNC_MIC,1.50590038915549
QCN7D,log_QNC_MIC,1.59345432947675
QCN7D,log_QNC_MIC,1.59345432947675
QCN7D,log_QNC_MIC,1.59345432947675
QCN7D,log_QNC_MIC,1.66636120970084
QCN7D,log_QNC_MIC,1.36700472444598
QCN7D,log_QNC_MIC,1.71226816131617
QCN7D,log_QNC_MIC,1.45040621523065
QCN7D,log_QNC_MIC,1.14849573191268
QCN7D,log_QNC_MIC,1.14849573191268
QCN7D,log_QNC_MIC,0.934802140877988
QCN7D,log_QNC_MIC,1.2050826392865
QCN7D,log_QNC_MIC,1.32090675359958
QCN7D,log_QNC_MIC,1.30731334841703
QCN7D,log_QNC_MIC,1.30731334841703
QCN7D,log_QNC_MIC,1.30731334841703
QCN7D,log_QNC_MIC,1.20977761851566
QCN7D,log_QNC_MIC,1.20977761851566
QCN7D,log_QNC_MIC,1.20977761851566
QCN7D,log_QNC_MIC,1.20977761851566
QCN7D,log_QNC_MIC,1.20977761851566
QCN7D,log_QNC_MIC,1.20977761851566
QCN7D,log_QNC_MIC,1.20977761851566
QCN7D,log_QNC_MIC,1.20977761851566
QCN7D,log_QNC_MIC,1.24847576546088
QCN7D,log_QNC_MIC,1.10032930938343
QCN7D,log_QNC_MIC,1.10032930938343
QCN7D,log_QNC_MIC,0.617140718083884
QCN7D,log_QNC_MIC,0.473356204950293
QCN7D,log_QNC_MIC,0.473356204950293
QCN7D,log_QNC_MIC,0.473356204950293
QCN7D,log_QNC_MIC,0.586145837559928
QCN7D,log_QNC_MIC,0.586145837559928
QCN7D,log_QNC_MIC,0.586145837559928
QCN7D,log_QNC_MIC,0.586145837559928
QCN7D,log_QNC_MIC,0.586145837559928
QCN7D,log_QNC_MIC,0.720881519173479
QCN7D,log_QNC_MIC,0.565407837939074
QCN7D,log_QNC_MIC,0.565407837939074
QCN7D,log_QNC_MIC,0.842118603958165
QCN7D,log_QNC_MIC,0.842118603958165
QCN7D,log_QNC_MIC,0.842118603958165
QCN7D,log_QNC_MIC,0.672000016498005
QCN7D,log_QNC_MIC,0.672000016498005
QCN7D,log_QNC_MIC,0.672000016498005
QCN7D,log_QNC_MIC,0.770796755318384
QCN7D,log_QNC_MIC,0.770796755318384
QCN7D,log_QNC_MIC,0.770796755318384
QCN7D,log_QNC_MIC,0.770796755318384
QCN7D,log_QNC_MIC,0.770796755318384
QCN7D,log_QNC_MIC,0.770796755318384
QCN7D,log_QNC_MIC,0.770796755318384
QCN7D,log_QNC_MIC,0.770796755318384
QCN7D,log_QNC_MIC,0.770796755318384
QCN7D,log_QNC_MIC,0.999444015280149
QCN7D,log_QNC_MIC,0.999444015280149
QCN7D,log_QNC_MIC,0.999444015280149
QCN7D,log_QNC_MIC,0.84247821910395
QCN7D,log_QNC_MIC,0.84247821910395
QCN7D,log_QNC_MIC,0.768799838995055
QCN7D,log_QNC_MIC,0.768799838995055
QCN7D,log_QNC_MIC,0.768799838995055
QCN7D,log_QNC_MIC,0.762617834448198
QCN7D,log_QNC_MIC,0.762617834448198
QCN7D,log_QNC_MIC,0.762617834448198
QCN7D,log_QNC_MIC,0.856429416944109
QCN7D,log_QNC_MIC,0.856429416944109
QCN7D,log_QNC_MIC,0.798177586774474
QCN7D,log_QNC_MIC,1.2491208734813
QCN7D,log_QNC_MIC,1.2491208734813
QCN7D,log_QNC_MIC,1.33608402387081
QCN7D,log_QNC_MIC,1.52001412994617
QCN7D,log_QNC_MIC,1.52001412994617
QCN7D,log_QNC_MIC,1.52001412994617
QCN7D,log_QNC_MIC,1.52001412994617
QCN7D,log_QNC_MIC,1.52001412994617
QCN7D,log_QNC_MIC,1.81515161501215
QCN7D,log_QNC_MIC,1.62151069086924
QCN7D,log_QNC_MIC,1.82000404497616
QCN7D,log_QNC_MIC,1.82000404497616
QCN7D,log_QNC_MIC,1.82000404497616
QCN7D,log_QNC_MIC,1.96850322438356
QCN7D,log_QNC_MIC,2.76660372297635
QCN7D,log_QNC_MIC,2.76660372297635
QCN7D,log_QNC_MIC,2.76660372297635
QCN7D,log_QNC_MIC,2.76660372297635
QCN7D,log_QNC_MIC,2.76660372297635
QCN7D,log_QNC_MIC,2.76660372297635
QCN7D,log_QNC_MIC,2.76660372297635
QCN7D,log_QNC_MIC,3.59846721115668
QCN7D,log_QNC_MIC,3.72447425515195
QCN7D,log_QNC_MIC,3.72447425515195
QCN7D,log_QNC_MIC,3.72447425515195
QCN7D,log_QNC_MIC,3.07883830355789
QCN7D,log_QNC_MIC,3.07883830355789
QCN7D,log_QNC_MIC,2.58999311889911
QCN7D,log_QNC_MIC,2.20041259351528
QCN7D,log_QNC_MIC,3.71625650831134
QCN7D,log_QNC_MIC,3.71625650831134
QCN7D,log_QNC_MIC,5.48373570635456
QCN7D,log_QNC_MIC,5.48373570635456
QCN7D,log_QNC_MIC,2.8383679883115
QCN7D,log_QNC_MIC,2.8383679883115
QCN7D,log_QNC_MIC,2.8383679883115
QCN7D,log_QNC_MIC,2.39902384244096
QCN7D,log_QNC_MIC,2.39902384244096
QCN7D,log_QNC_MIC,3.53218256544418
QCN7D,log_QNC_MIC,3.53218256544418
QCN7D,log_QNC_MIC,3.65672091289693
QCN7D,log_QNC_MIC,3.65672091289693
QCN7D,log_QNC_MIC,3.65672091289693
QCN7D,log_QNC_MIC,3.65672091289693
QCN7D,log_QNC_MIC,3.65672091289693
QCN7D,log_QNC_MIC,3.65672091289693
QCN7D,log_QNC_MIC,3.65672091289693
QCN7D,log_QNC_MIC,3.65672091289693
QCN7D,log_QNC_MIC,2.93725345564829
QCN7D,log_QNC_MIC,2.93725345564829
QCN7D,log_QNC_MIC,2.72775712945243
QCN7D,log_QNC_MIC,2.72775712945243
QCN7D,log_QNC_MIC,2.72775712945243
QCN7D,log_QNC_MIC,2.72775712945243
QCN7D,log_QNC_MIC,2.72775712945243
QCN7D,log_QNC_MIC,2.86199357792433
QCN7D,log_QNC_MIC,2.86199357792433
QCN7D,log_QNC_MIC,2.86199357792433
QCN7D,log_QNC_MIC,2.86199357792433
QCN7D,log_QNC_MIC,2.86199357792433
QCN7D,log_QNC_MIC,2.86199357792433
QCN7D,log_QNC_MIC,2.86199357792433
QCN7D,log_QNC_MIC,2.86199357792433
QCN7D,log_QNC_MIC,2.86199357792433
QCN7D,log_QNC_MIC,2.86199357792433
QCN7D,log_QNC_MIC,2.86199357792433
QCN7D,log_QNC_MIC,2.86199357792433
QCN7D,log_QNC_MIC,2.86199357792433
QCN7D,log_QNC_MIC,2.86199357792433
QCN7D,log_QNC_MIC,2.86199357792433
QCN7D,log_QNC_MIC,2.86199357792433
QCN7D,log_QNC_MIC,2.86199357792433
QCN7D,log_QNC_MIC,2.10889576671272
QCN7D,log_QNC_MIC,2.10889576671272
QCN7D,log_QNC_MIC,2.17614816725691
QCN7D,log_QNC_MIC,2.17614816725691
QCN7D,log_QNC_MIC,2.17614816725691
QCN7D,log_QNC_MIC,2.17614816725691
QCN7D,log_QNC_MIC,2.17614816725691
QCN7D,log_QNC_MIC,2.17614816725691
QCN7D,log_QNC_MIC,2.17614816725691
QCN7D,log_QNC_MIC,2.69630355554682
QCN7D,log_QNC_MIC,2.69630355554682
QCN7D,log_QNC_MIC,2.1634894242152
QCN7D,log_QNC_MIC,1.2685688424978
QCN7D,log_QNC_MIC,1.04151836576441
QCN7D,log_QNC_MIC,1.04151836576441
QCN7D,log_QNC_MIC,1.04151836576441
QCN7D,log_QNC_MIC,0.775128404564859
QCN7D,log_QNC_MIC,0.775128404564859
QCN7D,log_QNC_MIC,0.775128404564859
QCN7D,log_QNC_MIC,0.775128404564859
QCN7D,log_QNC_MIC,0.775128404564859
QCN7D,log_QNC_MIC,0.775128404564859
QCN7D,log_QNC_MIC,0.775128404564859
QCN7D,log_QNC_MIC,1.35078440078593
QCN7D,log_QNC_MIC,1.0806355788892
QCN7D,log_QNC_MIC,1.0806355788892
QCN7D,log_QNC_MIC,1.00704695400468
QCN7D,log_QNC_MIC,1.00704695400468
QCN7D,log_QNC_MIC,0.76099859693411
QCN7D,log_QNC_MIC,0.737527983040174
QCN7D,log_QNC_MIC,0.737527983040174
QCN7D,log_QNC_MIC,0.531383024731918
QCN7D,log_QNC_MIC,0.531383024731918
QCN7D,log_QNC_MIC,0.531383024731918
QCN7D,log_QNC_MIC,0.60857670783229
QCN7D,log_QNC_MIC,0.482911249335866
QCN7D,log_QNC_MIC,0.385766826700517
QCN7D,log_QNC_MIC,0.385766826700517
QCN7D,log_QNC_MIC,0.385766826700517
QCN7D,log_QNC_MIC,0.385766826700517
QCN7D,log_QNC_MIC,0.385766826700517
QCN7D,log_QNC_MIC,0.385766826700517
QCN7D,log_QNC_MIC,0.343918931324872
QCN7D,log_QNC_MIC,0.343918931324872
QCN7D,log_QNC_MIC,0.334605470259617
QCN7D,log_QNC_MIC,0.334605470259617
QCN7D,log_QNC_MIC,0.334605470259617
QCN7D,log_QNC_MIC,0.334605470259617
QCN7D,log_QNC_MIC,0.334605470259617
QCN7D,log_QNC_MIC,0.225892599776149
QCN7D,log_QNC_MIC,0.225892599776149
QCN7D,log_QNC_MIC,0.225892599776149
QCN7D,log_QNC_MIC,0.225892599776149
QCN7D,log_QNC_MIC,0.225892599776149
QCN7D,log_QNC_MIC,0.225892599776149
QCN7D,log_QNC_MIC,0.219506016917703
QCN7D,log_QNC_MIC,0.191019671602685
QCN7D,log_QNC_MIC,0.201040852859734
QCN7D,log_QNC_MIC,0.206846599932541
QCN7D,log_QNC_MIC,0.201605108057549
QCN7D,log_QNC_MIC,0.201605108057549
QCN7D,log_QNC_MIC,0.201605108057549
QCN7D,log_QNC_MIC,0.164090274769589
QCN7D,log_QNC_MIC,0.164090274769589
QCN7D,log_QNC_MIC,0.164090274769589
QCN7D,log_QNC_MIC,0.190335429352813
QCN7D,log_QNC_MIC,0.190335429352813
QCN7D,log_QNC_MIC,0.190335429352813
QCN7D,log_QNC_MIC,0.190335429352813
QCN7D,log_QNC_MIC,0.202838792722496
QCN7D,log_QNC_MIC,0.202838792722496
QCN7D,log_QNC_MIC,0.202838792722496
QCN7D,log_QNC_MIC,0.202838792722496
QCN7D,log_QNC_MIC,0.202838792722496
QCN7D,log_QNC_MIC,0.379434055038552
QCN7D,log_QNC_MIC,0.546919637926252
QCN7D,log_QNC_MIC,0.546919637926252
QCN7D,log_QNC_MIC,0.395911577339179
QCN7D,log_QNC_MIC,0.395911577339179
QCN7D,log_QNC_MIC,0.395911577339179
QCN7D,log_QNC_MIC,0.395911577339179
QCN7D,log_QNC_MIC,0.395911577339179
QCN7D,log_QNC_MIC,0.395911577339179
QCN7D,log_QNC_MIC,0.395911577339179
QCN7D,log_QNC_MIC,0.246511720846102
QCN7D,log_QNC_MIC,0.246511720846102
QCN7D,log_QNC_MIC,0.246511720846102
QCN7D,log_QNC_MIC,0.246511720846102
QCN7D,log_QNC_MIC,0.246511720846102
QCN7D,log_QNC_MIC,0.246511720846102
QCN7D,log_QNC_MIC,0.326718066049539
QCN7D,log_QNC_MIC,0.326718066049539
QCN7D,log_QNC_MIC,0.326718066049539
QCN7D,log_QNC_MIC,0.326718066049539
QCN7D,log_QNC_MIC,0.326718066049539
QCN7D,log_QNC_MIC,0.326718066049539
QCN7D,log_QNC_MIC,0.326718066049539
QCN7D,log_QNC_MIC,0.326718066049539
QCN7D,log_QNC_MIC,0.409721244697662
QCN7D,log_QNC_MIC,0.46547815630298
QCN7D,log_QNC_MIC,0.46547815630298
QCN7D,log_QNC_MIC,0.332362239441655
QCN7D,log_QNC_MIC,0.344884454999476
QCN7D,log_QNC_MIC,0.344884454999476
QCN7D,log_QNC_MIC,0.344884454999476
QCN7D,log_QNC_MIC,0.344884454999476
QCN7D,log_QNC_MIC,0.344884454999476
QCN7D,log_QNC_MIC,0.344884454999476
QCN7D,log_QNC_MIC,0.344884454999476
QCN7D,log_QNC_MIC,0.495336574636335
QCN7D,log_QNC_MIC,0.412731379697509
QCN7D,log_QNC_MIC,0.412731379697509
QCN7D,log_QNC_MIC,0.412731379697509
QCN7D,log_QNC_MIC,0.412731379697509
QCN7D,log_QNC_MIC,0.479334485922011
QCN7D,log_QNC_MIC,0.479334485922011
QCN7D,log_QNC_MIC,0.479334485922011
QCN7D,log_QNC_MIC,0.479334485922011
QCN7D,log_QNC_MIC,0.479334485922011
QCN7D,log_QNC_MIC,0.588515271654998
QCN7D,log_QNC_MIC,0.588515271654998
QCN7D,log_QNC_MIC,0.588515271654998
QCN7D,log_QNC_MIC,0.588515271654998
QCN7D,log_QNC_MIC,0.714149287752907
QCN7D,log_QNC_MIC,1.23121774682485
QCN7D,log_QNC_MIC,1.77988569416841
QCN7D,log_QNC_MIC,1.77988569416841
QCN7D,log_QNC_MIC,1.77988569416841
QCN7D,log_QNC_MIC,1.80945632164093
QCN7D,log_QNC_MIC,1.47531504634785
QCN7D,log_QNC_MIC,1.47531504634785
QCN7D,log_QNC_MIC,1.47531504634785
QCN7D,log_QNC_MIC,1.03036513065687
QCN7D,log_QNC_MIC,1.10853687426841
QCN7D,log_QNC_MIC,1.11039282221203
QCN7D,log_QNC_MIC,0.640807602763878
QCN7D,log_QNC_MIC,0.60531481156051
QCN7D,log_QNC_MIC,0.60531481156051
QCN7D,log_QNC_MIC,0.60531481156051
QCN7D,log_QNC_MIC,0.60531481156051
QCN7D,log_QNC_MIC,0.60531481156051
QCN7D,log_QNC_MIC,0.60531481156051
QCN7D,log_QNC_MIC,0.60531481156051
QCN7D,log_QNC_MIC,0.60531481156051
QCN7D,log_QNC_MIC,0.60531481156051
QCN7D,log_QNC_MIC,0.60531481156051
QCN7D,log_QNC_MIC,0.60531481156051
QCN7D,log_QNC_MIC,0.60531481156051
QCN7D,log_QNC_MIC,0.60531481156051
QCN7D,log_QNC_MIC,0.60531481156051
QCN7D,log_QNC_MIC,0.60531481156051
QCN7D,log_QNC_MIC,0.65921731468609
QCN7D,log_QNC_MIC,0.65921731468609
QCN7D,log_QNC_MIC,0.534476885352254
QCN7D,log_QNC_MIC,0.534476885352254
QCN7D,log_QNC_MIC,0.534476885352254
QCN7D,log_QNC_MIC,0.534476885352254
QCN7D,log_QNC_MIC,0.534476885352254
QCN7D,log_QNC_MIC,0.534476885352254
QCN7D,log_QNC_MIC,0.534476885352254
QCN7D,log_QNC_MIC,0.534476885352254
QCN7D,log_QNC_MIC,1.04667508307376
QCN7D,log_QNC_MIC,1.04667508307376
QCN7D,log_QNC_MIC,1.04667508307376
QCN7D,log_QNC_MIC,1.04667508307376
QCN7D,log_QNC_MIC,0.931500374156521
QCN7D,log_QNC_MIC,0.931500374156521
QCN7D,log_QNC_MIC,1.02120646741725
QCN7D,log_QNC_MIC,1.02120646741725
QCN7D,log_QNC_MIC,1.8622483630177
QCN7D,log_QNC_MIC,1.25729003128048
QCN7D,log_QNC_MIC,1.26887168965391
QCN7D,log_QNC_MIC,1.26887168965391
QCN7D,log_QNC_MIC,1.26887168965391
QCN7D,log_QNC_MIC,1.26887168965391
QCN7D,log_QNC_MIC,1.26887168965391
QCN7D,log_QNC_MIC,1.26887168965391
QCN7D,log_QNC_MIC,1.26887168965391
QCN7D,log_QNC_MIC,1.09358661091455
QCN7D,log_QNC_MIC,0.900617655616656
QCN7D,log_QNC_MIC,0.900617655616656
QCN7D,log_QNC_MIC,0.900617655616656
QCN7D,log_QNC_MIC,0.804542576389784
QCN7D,log_QNC_MIC,0.728190409972708
QCN7D,log_QNC_MIC,0.6021962164698
QCN7D,log_QNC_MIC,0.792607826979011
QCN7D,log_QNC_MIC,0.792607826979011
QCN7D,log_QNC_MIC,0.792607826979011
QCN7D,log_QNC_MIC,0.719943073903715
QCN7D,log_QNC_MIC,0.719943073903715
QCN7D,log_QNC_MIC,0.719943073903715
QCN7D,log_QNC_MIC,0.719943073903715
QCN7D,log_QNC_MIC,0.719943073903715
QCN7D,log_QNC_MIC,0.919400100720838
QCN7D,log_QNC_MIC,0.919400100720838
QCN7D,log_QNC_MIC,0.78875156202676
QCN7D,log_QNC_MIC,0.78875156202676
QCN7D,log_QNC_MIC,0.869309718991499
QCN7D,log_QNC_MIC,0.869309718991499
QCN7D,log_QNC_MIC,0.767037733884825
QCN7D,log_QNC_MIC,0.491592630942405
QCN7D,log_QNC_MIC,0.491592630942405
QCN7D,log_QNC_MIC,0.561167236390203
QCN7D,log_QNC_MIC,0.561167236390203
QCN7D,log_QNC_MIC,0.561167236390203
QCN7D,log_QNC_MIC,0.561167236390203
QCN7D,log_QNC_MIC,0.561167236390203
QCN7D,log_QNC_MIC,0.561167236390203
QCN7D,log_QNC_MIC,0.561167236390203
QCN7D,log_QNC_MIC,0.561167236390203
QCN7D,log_QNC_MIC,0.561167236390203
QCN7D,log_QNC_MIC,0.561167236390203
QCN7D,log_QNC_MIC,0.561167236390203
QCN7D,log_QNC_MIC,0.561167236390203
QCN7D,log_QNC_MIC,0.561167236390203
QCN7D,log_QNC_MIC,0.435366445593555
QCN7D,log_QNC_MIC,0.435366445593555
QCN7D,log_QNC_MIC,0.435366445593555
QCN7D,log_QNC_MIC,0.435366445593555
QCN7D,log_QNC_MIC,0.584343853607611
QCN7D,log_QNC_MIC,0.903770611738521
QCN7D,log_QNC_MIC,0.757662262044897
QCN7D,log_QNC_MIC,0.561716830335316
QCN7D,log_QNC_MIC,0.561716830335316
QCN7D,log_QNC_MIC,0.561716830335316
QCN7D,log_QNC_MIC,0.561716830335316
QCN7D,log_QNC_MIC,0.628830793070014
QCN7D,log_QNC_MIC,0.628830793070014
QCN7D,log_QNC_MIC,0.969353275024437
QCN7D,log_QNC_MIC,0.923212097334774
QCN7D,log_QNC_MIC,0.923212097334774
QCN7D,log_QNC_MIC,0.923212097334774
QCN7D,log_QNC_MIC,0.923212097334774
QCN7D,log_QNC_MIC,0.772939230657204
